mag,Sq0,Sq10000000
1.0,0.4253725322988068,3.971729439780352
2.0,0.5234820590643297,5.2153917842054005
3.0,0.38005350063329923,5.167803731600344
4.0,0.4913794654350786,5.709419643572022
5.0,0.5512079784307768,5.091778099972961
6.0,0.4984023701005234,5.420064445409647
8.0,0.4586841298171279,5.378505550561827
9.0,0.4924163545188404,4.177615345617323
10.0,0.4923082706065724,4.82874676344719
11.0,0.4061980466382183,3.1698947819125918
12.0,0.5652655363822235,5.491803896086991
13.0,0.45953206827841514,4.233971211010555
14.0,0.45186605366800825,3.5635410815999227
16.0,0.5386460335558684,2.848378626918601
17.0,0.4376581809517832,3.0689263046529462
18.0,0.468790141610586,3.1215447129050835
19.0,0.5112568799680774,2.7244333517781243
20.0,0.5611414285508927,3.297976455232561
21.0,0.40786234650188796,3.4439303565871806
22.0,0.3838394090767557,3.132894886220481
24.0,0.46876019255602,2.497444168316269
25.0,0.41178101126812605,2.854313418715935
26.0,0.5675082625972135,2.633093599041256
27.0,0.47598929942316237,2.749155702216174
29.0,0.5017542668623208,2.385400054366318
30.0,0.4597698869155809,2.416311190253251
32.0,0.5267107463038441,2.7816131453205415
33.0,0.4088560393977665,2.4069590157327694
34.0,0.4507353266976517,2.330620484176461
35.0,0.3613872742545683,2.5235019996245738
36.0,0.5648636109390095,2.3387497543844704
37.0,0.5186138057574007,2.2717247335819755
38.0,0.5050120174464433,2.2889059219791372
40.0,0.4591711926340707,1.7874927741377673
41.0,0.5258622414210041,2.1892828928637678
42.0,0.5000750956827358,2.182245102191584
43.0,0.4215491598234289,2.089633752442208
44.0,0.5523075208321568,2.3847105655022776
45.0,0.4631982833213009,1.9022108819226593
46.0,0.52198718307638,1.990234794486953
48.0,0.3708927195845362,2.2248426538599153
49.0,0.4591888858611824,1.9172362028241725
50.0,0.5002476861145212,1.9912468961944276
51.0,0.5060435226751778,2.069980794315665
52.0,0.6341780950304926,1.9492266100567823
53.0,0.5469336360483394,1.8697660331263815
54.0,0.5375454861719335,1.9213324970388865
56.0,0.5394551195758589,2.1858279700382863
57.0,0.492568561928494,1.6924175903353265
58.0,0.49797992116626966,2.146437089402785
59.0,0.5181326111295984,1.8284286638146179
61.0,0.4437302230607682,1.8430181826093601
62.0,0.5698327153921855,1.7210385898210538
64.0,0.653906490106779,1.6055265614300287
65.0,0.5805204581715733,1.7423867160076756
66.0,0.528823120273387,1.6906585031084334
67.0,0.6600231783518478,2.073603354075953
68.0,0.4681255247744397,1.7190274370657461
69.0,0.5342216505437158,1.6676538197576676
70.0,0.5377291477208451,1.716836742704297
72.0,0.48602058008095983,1.658654820471175
73.0,0.5115651929403573,1.5887079419706145
74.0,0.5658214394579693,1.8247541686835047
75.0,0.5073973880956532,1.6876939945048401
76.0,0.5859771180030158,1.7746237946591974
77.0,0.5006484196318265,1.7094349844541585
78.0,0.5612388709961205,1.664819513651509
80.0,0.5065836807691347,1.625414058526545
81.0,0.5619664462069798,1.734758811448827
82.0,0.5783347387891411,1.4044475401141752
83.0,0.5500539305356953,1.8020304709916195
84.0,0.5406960119732093,1.4025113172817891
85.0,0.5833963165506973,1.6451099112883691
86.0,0.5757799525166214,1.5762900968831095
88.0,0.5290201366709341,1.6311146193135038
89.0,0.5379869238163921,1.566449876580333
90.0,0.5157205656407525,1.5872076050636148
91.0,0.5020074752761511,1.648770250243982
93.0,0.5248165929890051,1.661532337482841
94.0,0.6155155035528954,1.4512863219518526
96.0,0.6495595569013639,1.3509623061976674
97.0,0.5126202946327607,1.593209433292805
98.0,0.5666562618622479,1.5117905402348693
99.0,0.615001804553256,1.6093325244534902
100.0,0.7022724510690777,1.192188912509075
101.0,0.5878629186342691,1.4766228772105807
102.0,0.5304481456709447,1.5946436262953274
104.0,0.5775138515831643,1.599678200082473
105.0,0.5867291352300174,1.475573185598335
106.0,0.6892394900954724,1.5757828046460771
107.0,0.6278566880435348,1.5196156807841363
108.0,0.6190853616258132,1.5581587470148084
109.0,0.558370373306306,1.4023612734828776
110.0,0.5921227964591264,1.5325604261933785
113.0,0.5470312989283077,1.615802402001914
114.0,0.6174083749765692,1.6348347353805035
115.0,0.6001724017768016,1.496674441669983
116.0,0.6701742942584596,1.4725429996783233
117.0,0.6166681227940978,1.4763644674757495
118.0,0.5319785844839723,1.4472085219738804
120.0,0.6213995000443399,1.2776547570208374
121.0,0.6393910526947034,1.454287188983748
122.0,0.5359446249477227,1.5487832985535668
123.0,0.650924710455829,1.616936634899518
125.0,0.5937659799593213,1.4075827566399368
126.0,0.622070292370938,1.328591829468328
128.0,0.4866641934099934,1.6887810779773518
129.0,0.6323828937088146,1.4053753827145017
130.0,0.5642937647993443,1.3473065235233523
131.0,0.6372836332363934,1.4238775271753101
132.0,0.6256977557855559,1.3655862146650706
133.0,0.5941211981731453,1.3136037737273805
134.0,0.6442873841604488,1.2685602842401753
136.0,0.6873290628107905,1.2527351342423982
137.0,0.6593066643829544,1.34914271665386
138.0,0.6701543295623447,1.4137589442464706
139.0,0.615577890018821,1.4774792094998006
140.0,0.5890665294862822,1.4872245910808528
141.0,0.6367926970770886,1.4323478787534263
142.0,0.6825680458394193,1.353193605404387
144.0,0.745581805162657,1.3277008277984905
145.0,0.6798822632075967,1.2868762891627645
146.0,0.5896037422006275,1.2919073325552528
147.0,0.7939122719426598,1.443903402852138
148.0,0.6410547843618405,1.097495029177636
149.0,0.6466992791999042,1.300087711047399
150.0,0.6741112406207482,1.2525865984720705
152.0,0.6635176018817311,1.3009631250435572
153.0,0.7091649160588491,1.3074048603172175
154.0,0.6230187692967564,1.3396659833133528
155.0,0.6671499850883427,1.3232090731878539
157.0,0.6732724469354744,1.1850317391828666
158.0,0.634065843254847,1.2893958592989512
160.0,0.7371426438853902,1.4472877753593214
161.0,0.6611494418646678,1.1895908347892765
162.0,0.6400501949853434,1.297335708170084
163.0,0.7359729563855232,1.3760672507050737
164.0,0.6958383767519171,1.2105584507757656
165.0,0.6658263757658021,1.2758104927815683
166.0,0.671242980462561,1.1900392048514032
168.0,0.6822697622973549,1.259339768368183
169.0,0.6255490411844128,1.3034349975004493
170.0,0.6037515996969225,1.2245990133324358
171.0,0.6775033466192817,1.2498542388904796
172.0,0.7482409194517797,1.1853469273366815
173.0,0.7034733880826805,1.3030461784265766
174.0,0.6623304860140642,1.2587304214824713
176.0,0.64409300259766,1.2138466700403434
177.0,0.7400415562175896,1.0447754704699996
178.0,0.6838038320528471,1.1335794101476384
179.0,0.6552474289422651,1.1736645737281952
180.0,0.7150594205966154,1.2774238421778574
181.0,0.7176286689216992,1.259986790931636
182.0,0.6432256971323087,1.250386609022306
184.0,0.7722096746263212,1.1691582021926055
185.0,0.6863468595408078,1.2221569991823145
186.0,0.635904780629651,1.1939476032186955
187.0,0.6921878176222217,1.0867576139623378
189.0,0.7282295796955707,1.1722511439178869
190.0,0.7302045106694136,1.1584666589543298
192.0,0.8360893875251044,0.8215700638330898
193.0,0.8229795171164387,1.2688333742617393
194.0,0.7483039535782724,1.2433138227077927
195.0,0.6722952795839747,1.1294311044708842
196.0,0.7055487728526033,1.2152814635439666
197.0,0.781833689685994,1.2289052976971775
198.0,0.6913732486380435,1.0905785928653544
200.0,0.8218170841301106,1.1302323703799997
201.0,0.7796457213373237,1.1911551036145072
202.0,0.6667499518562174,1.1719918274507637
203.0,0.8344085616051578,1.1392158261557503
204.0,0.7242561589894659,1.1958438341450635
205.0,0.7074133495366255,1.2327895945827652
206.0,0.7228191157575027,1.2050608736795492
208.0,0.7297919842859004,0.9916696847007755
209.0,0.7086958379851691,1.0305217260181645
210.0,0.6996104138613495,1.209758468158959
211.0,0.715108088883306,1.1357529519477003
212.0,0.7509838236249108,1.1426548499479892
213.0,0.6853167905335567,1.0907247284599677
214.0,0.7459709701840178,1.1950751323658286
216.0,0.7219976364250843,1.1600194051570603
217.0,0.8091330407532941,1.1425645664798683
218.0,0.8026285436641739,1.0483987230079834
219.0,0.7151219729338011,1.1279785704603855
221.0,0.657491958714757,1.148874099464598
222.0,0.703823157816277,1.1310623111251852
224.0,0.7927981685074813,1.0190679655032295
225.0,0.7423625622897922,1.121566647729595
226.0,0.7601166990796719,1.0105369193423004
227.0,0.7382386599556,1.0765272161097081
228.0,0.8510171439090922,1.0369857943893335
229.0,0.7001276824148418,1.1356509425148644
230.0,0.7171829538419211,1.1879383788818267
232.0,0.8223210064505665,1.0915992286520686
233.0,0.7407468429342488,1.0704339344303253
234.0,0.7942984589995947,1.0950259611825717
235.0,0.7328884178428033,1.1300428124978488
236.0,0.6681988833780433,1.034737285031528
237.0,0.719662120775506,1.1317889525405094
238.0,0.8343921879361688,1.0996212464058228
241.0,0.8437927386270879,1.1378009541686458
242.0,0.8385550663411299,1.0718469220482174
243.0,0.7616103867835512,1.1043054860719457
244.0,0.7844474555118841,1.064082582467473
245.0,0.805799209738261,1.0146233916211589
246.0,0.7296720540643304,1.0489756509169246
248.0,0.7792643406403513,1.1084536208381846
249.0,0.8661444413259762,1.0537095021001444
250.0,0.7362370157341246,0.9377637299298432
251.0,0.7749788871753226,1.0657556806006725
253.0,0.8648459680580254,1.0592640494734806
254.0,0.8683629488501263,1.0173764567081958
256.0,0.792121755143028,1.2660928649835557
257.0,0.7294646055602215,1.092505777202212
258.0,0.815204239638368,1.001370664013745
259.0,0.7640851833678711,0.9894295368674207
260.0,0.7980696627439322,1.07755364678837
261.0,0.7904782046132317,1.045094302017445
262.0,0.7501807516073695,0.9630170306457186
264.0,0.7842735721390927,0.9429986831688264
265.0,0.8537347765139355,0.984539674415378
266.0,0.8259431198864313,1.0811382317095333
267.0,0.9296060690424521,1.09378678236035
268.0,0.9082470604498667,1.047339093069738
269.0,0.8102114938252198,1.0126225464258145
270.0,0.8345882432360002,1.0541496043954812
272.0,0.7271283437582375,0.9670676072215636
273.0,0.8492921045156492,1.0614543742494922
274.0,0.8054435165486976,0.9904126146870847
275.0,0.8584295899267259,1.0590803977905887
276.0,0.86573238258445,0.9055986336343526
277.0,0.8480091375736818,1.1131733463771993
278.0,0.7777913697320917,0.9639461338925647
280.0,0.8369931103923344,1.0176040659441763
281.0,0.8267597947481923,1.0494836593279742
282.0,0.8598781497900798,1.0268831291094604
283.0,0.812407569778211,1.0529373011857983
285.0,0.8997997046148881,0.9875956971933308
286.0,0.8524042755340699,0.9892188870402653
288.0,0.8620818211170824,0.8773686564857995
289.0,0.8296017803761968,1.047205510333694
290.0,0.8057862692012581,0.9614346038133219
291.0,0.8874118246025237,1.037354464932544
292.0,0.7529538903153686,1.0772380624876885
293.0,0.8766701465571388,0.9623800392507496
294.0,0.8919946604480554,1.018069207273054
296.0,0.922617008545938,0.9364684010845218
297.0,0.918460108367845,0.9381274785334601
298.0,0.8206552410179082,1.1841522519517458
299.0,0.8537688971049132,1.0146737231940144
300.0,0.8200900886842124,0.9928388996430236
301.0,0.9540745384746823,1.0464890455680138
302.0,0.8131593681672887,0.9420933981164002
304.0,0.7626615983779282,0.879030044438215
305.0,0.8785255697753405,0.8557455391650032
306.0,0.8731651051175088,0.9396559640673647
307.0,0.7737203900438548,0.8426633515735211
308.0,0.8199796282821753,0.9976784258898879
309.0,0.8375814800552526,0.993970344200584
310.0,0.7818054434149669,0.8536335124663685
312.0,0.8840399453968636,0.9173362940333011
313.0,0.8938325972796605,0.9651055251011207
314.0,0.8762907153391072,0.9585629056563856
315.0,0.872579624432908,0.9224233757038118
317.0,0.8565416367095033,0.9734934114228603
318.0,0.8718620283377247,0.8607353005300645
320.0,0.9725016042138496,0.9102692101214932
321.0,0.9273724921666053,0.9558197373225318
322.0,0.8637772363987535,0.9320624933414657
323.0,0.8267690487319238,0.9511062086589162
324.0,0.8717961969037242,0.8851582498365833
325.0,0.8867974608135324,0.9398407280437147
326.0,0.9050542264923903,0.9471230147818982
328.0,0.9813593435994724,0.9798791133992112
329.0,0.9381636706082963,0.9636720611009955
330.0,0.8181221042929999,0.8743223682080925
331.0,0.953913922323015,0.8439206710249011
332.0,0.8032953537208755,0.9247849116165353
333.0,0.9343526746814883,0.9022306033251034
334.0,0.8515085753938539,0.949279974466996
336.0,0.8443857523089849,0.8353409351013142
337.0,0.9073357699498529,0.9102874387528058
338.0,0.9192965015808641,0.9270513216693452
339.0,0.886426857308957,0.9393363594138724
340.0,0.8919646376634233,0.8855167249719526
341.0,0.8833505535580829,0.9107015586568237
342.0,0.993553569635933,0.9279779975008868
344.0,0.8953525172119442,0.9697858951638098
345.0,0.7989034683537504,0.9042682808483794
346.0,0.8607850488360257,0.9230966634039495
347.0,0.9776482183380837,0.9082682089528081
349.0,0.8241330864029718,0.9265973065817718
350.0,0.8557452456185393,0.9207818223496362
352.0,0.8829772587352178,0.9144140624799205
353.0,0.9550698427941712,0.8882015490765578
354.0,0.9432569999068037,0.9009982015105187
355.0,0.8907936995025569,0.8318947801279731
356.0,0.8276568907452451,0.9739307168215496
357.0,0.8492310382580804,0.8853065861509495
358.0,0.9030596402300766,0.9345805753342967
360.0,0.9330906969422654,0.956155910736419
361.0,0.911015304678955,0.8815129760702546
362.0,0.8874532441799594,0.8762218572185358
363.0,0.8989114985798607,0.8918116673973889
364.0,0.9128515093036813,0.8642631515117138
365.0,0.9067372633268935,0.9338501660624936
366.0,0.8416453825244007,0.8915608036646508
369.0,0.8974563024584464,0.8656021753936931
370.0,0.9201394221372308,0.9818740765935118
371.0,0.9601836938513559,0.8623360570951069
372.0,0.9044289418604274,1.0261226324446031
373.0,0.8988798433635389,0.8283888222803371
374.0,0.9020923505207821,0.8731207003179019
376.0,0.8537979457306155,0.9083904271445173
377.0,0.9442889681994048,0.8628941740579655
378.0,0.9043040847590974,0.8350229508505318
379.0,0.9748457086260159,0.8754087499215704
381.0,0.9275360173485427,0.8644320128282005
382.0,0.8879671082328199,0.8779066337266388
384.0,0.902017514702063,0.9232961432160873
385.0,0.9642119274965196,0.8725057369435603
386.0,0.9123184806672417,0.8710127358181475
387.0,1.000674571066966,0.7792285373443206
388.0,0.8897133147722041,0.8480285294469986
389.0,0.9625787142038438,0.8202413901721495
390.0,0.9465497639870689,0.8389947360086332
392.0,0.9849452876341535,0.8889729859481696
393.0,0.9278670077466337,0.8793094673274366
394.0,0.8691725922406258,0.7998134384391969
395.0,0.9272477127042071,0.8362277528037819
396.0,0.8591350863181433,0.8585184767309826
397.0,1.0104850335087665,0.8886636167281166
398.0,0.9638461284683321,0.9068926103821968
400.0,0.8277890092219994,0.7616195268964092
401.0,0.9517590258524973,0.9108023820215594
402.0,0.9852850800008915,0.8373387653215905
403.0,0.8549192371983699,0.894027248911648
404.0,0.9966660541278236,0.7501789296499394
405.0,0.8686462479147798,0.8683343876213384
406.0,0.944360543853445,0.8720879262376134
408.0,0.998917287426433,0.754137466282142
409.0,0.9180954196561872,0.8790999205519408
410.0,0.955641343700616,0.8228776636039663
411.0,0.9798774584580197,0.7866481245001194
413.0,0.9401268145059508,0.8017822437861869
414.0,0.8805259467839702,0.8138023635900702
416.0,1.025090810453918,0.931625714267287
417.0,0.8864541622003635,0.782760025092085
418.0,0.935754731824055,0.8071383277108719
419.0,0.9566697333235145,0.8134731347551779
420.0,0.9526414141815074,0.8801131474437134
421.0,0.9390642109410675,0.8496557847421343
422.0,1.0034359260339234,0.825391019224401
424.0,1.0159367341482926,0.8759679535431929
425.0,0.9096247902857615,0.8653932926583177
426.0,1.0349098419582383,0.8873310512974978
427.0,0.9731572981630457,0.9248210416713437
428.0,0.9216274194997379,0.7564629672615373
429.0,0.9392998741379035,0.8113035456308821
430.0,0.918160265217088,0.813389609713088
432.0,0.9021456235647803,0.7090551523466796
433.0,0.9856208522935783,0.8641093682656534
434.0,1.0050245834945202,0.7900792520602256
435.0,0.9616105475758775,0.8074084588035819
436.0,0.9564813109306161,0.8366242099878008
437.0,0.9210804599627314,0.8220060967398866
438.0,0.9260646978292051,0.7808109455628616
440.0,0.9622098089712872,0.779248215127368
441.0,1.1012027072207802,0.7754563900546023
442.0,0.9758449831995353,0.8575704497617098
443.0,0.9516045052427082,0.790550916411828
445.0,0.9371917862859417,0.846714599457029
446.0,0.9393132080142852,0.7905473974839404
449.0,0.9545366301248807,0.8510974508885596
450.0,0.9511016225172274,0.8250016235421703
451.0,0.9953983416636025,0.7889927239567707
452.0,1.0082403949140237,0.7090966043365159
453.0,1.0206419928066242,0.8444934246425273
454.0,0.9579108347882438,0.8033144854851588
456.0,0.981681034021785,0.8247749051118722
457.0,1.038462985455681,0.8869069689623617
458.0,0.9668530229064105,0.7904834836623005
459.0,0.8845857675458696,0.7871078958396525
460.0,1.0404896393133394,0.7395477083161965
461.0,1.0457904884344145,0.8387330199794762
462.0,0.9514825772150849,0.8188099705005909
464.0,0.9777537485449953,0.8024570452591931
465.0,0.9941625399471307,0.7991102339574497
466.0,0.9005621025970211,0.7861402605132004
467.0,0.9224786659672686,0.746172370815677
468.0,1.0058699067282877,0.7770239099496824
469.0,1.0461228484037197,0.8091659360523402
470.0,1.0103130434152665,0.7639927579591402
472.0,1.0146797827119027,0.7080997898389748
473.0,0.9405240589492463,0.7281540604362539
474.0,0.9723284990502112,0.7865206820284109
475.0,0.9938070415977127,0.8755303266645383
477.0,0.9550968083710099,0.7591234150794233
478.0,0.9213820407887695,0.7939866578326358
480.0,0.8387444180975102,0.7602654037370973
481.0,0.9848008964994053,0.7477763694158389
482.0,1.002345370259059,0.8152863933455733
483.0,1.0504291098511687,0.7336414911529845
484.0,0.863854491883331,0.7729795352040164
485.0,0.9698847977515148,0.7737477624934403
486.0,0.9868731119812985,0.8116645030506086
488.0,0.9481034832506975,0.7865517988914714
489.0,0.8853861953188567,0.7875061666180582
490.0,0.9446488902786274,0.7496629184319359
491.0,1.035533337799972,0.7804771018457812
492.0,1.0448793050819705,0.778516695040149
493.0,1.001759436801183,0.7358359306399015
494.0,1.0233747645331583,0.7860045041692543
497.0,0.9647592320780012,0.7997258917935167
498.0,1.120584460843749,0.7173087777645767
499.0,0.9852694979069023,0.7249609479047627
500.0,1.0960640964055355,0.7952682953277925
501.0,0.9656284697221017,0.7904412233695025
502.0,0.9406208627197271,0.7490099741757125
504.0,0.9634512437701791,0.8169197813128445
505.0,0.9559103384556585,0.70319594724473
506.0,0.9636184292411106,0.7825636280141132
507.0,1.0596724279272247,0.8096192353909878
509.0,1.0217005357556321,0.7527970312840147
510.0,1.0428974602519945,0.7537751475756344
512.0,1.0037542370257044,0.7166986011475577
513.0,1.0118434856778469,0.7600295307251911
514.0,1.0750892359618947,0.8276820290443173
515.0,1.0287959463220206,0.7821017583229563
516.0,1.1017200519370616,0.7781266345995178
517.0,0.9906584151468111,0.6940295722117201
518.0,0.9880509623218624,0.7585357942528304
520.0,1.0711166527694358,0.8764353196036776
521.0,1.007759841068163,0.7485422021362838
522.0,0.9289474903473507,0.8236550983818086
523.0,1.0879201868777866,0.7093115818887413
524.0,1.0094942517562357,0.7766990666607753
525.0,1.0234206445980634,0.797034726577669
526.0,1.0312332509880446,0.7581010774590284
528.0,0.9933578037278902,0.7748541661342945
529.0,1.1115820457018109,0.7599021942246824
530.0,1.0021642079019772,0.7350485959723819
531.0,1.0432326588875973,0.7699740656357565
532.0,1.0449610501520397,0.8636342822898698
533.0,1.0704979658272624,0.7274086182756501
534.0,1.010819927545663,0.7418757228653937
536.0,1.0160399754955216,0.7844571870106862
537.0,1.0504705107054144,0.706606681406759
538.0,0.9990183277360871,0.7140806612840817
539.0,0.9782661815342577,0.8209001485607555
541.0,1.0741104542215232,0.7273550107878693
542.0,1.0464529824356135,0.7277538812779708
544.0,1.0003540133062865,0.7706724300367279
545.0,1.1070057705415017,0.7624338718102112
546.0,0.9874036297718749,0.7095706993957298
547.0,0.9219363089943509,0.7582668021903805
548.0,0.9751782711221948,0.7295371481384734
549.0,1.0396592274697345,0.7413520626873745
550.0,1.0114620314172063,0.7714572268752118
552.0,1.0321512081560995,0.6933382138951916
553.0,0.9635127057114743,0.779723211724502
554.0,1.0065699606573906,0.7534603470631576
555.0,0.9794157741909693,0.6606785212151249
556.0,0.9639659433028993,0.7375494036431154
557.0,0.9769744792879866,0.7566122511519752
558.0,1.0113941201569288,0.753157078803551
560.0,0.988162027261114,0.7161782975712243
561.0,1.0321051206915468,0.7292737045007349
562.0,0.946911353162538,0.6753134354944246
563.0,1.0090359655537924,0.7181884107295178
564.0,1.0427215041513505,0.7899491365269837
565.0,0.9582829144434052,0.7511149468003643
566.0,1.05642926807404,0.6834400636716566
568.0,1.1641408754834013,0.6049314833182218
569.0,1.0672373505028034,0.6957824579311983
570.0,0.9910040507613889,0.6992102621355222
571.0,1.0017044901466043,0.7803767993395434
573.0,1.042357455641928,0.7387119229171202
574.0,0.9762565228231682,0.7708815288925038
576.0,1.4224992307798738,0.6269304345590196
577.0,1.0713491689539105,0.7159051458468381
578.0,1.0823751171281122,0.7161298735790359
579.0,1.0589913222036533,0.6800849223876031
580.0,0.8909635242273088,0.7301110341769625
581.0,1.0130519346812659,0.7171521231682935
582.0,1.120776813949998,0.7033502750375099
584.0,1.0241615679619958,0.7158372929219736
585.0,0.9959839569395724,0.7484458687532352
586.0,1.05060689697028,0.7055015564105587
587.0,0.9822547710986335,0.7159966964590803
588.0,1.1023926243592534,0.8305345498240903
589.0,1.0455544388536018,0.7295743655586624
590.0,0.9706326758716497,0.7386224486667771
592.0,1.0151382452680824,0.6637487410947217
593.0,0.9816675601034389,0.7142871424550856
594.0,1.0485134705806878,0.7270246366678302
595.0,1.0722240771776579,0.7628580423682016
596.0,1.017831979185468,0.7164656410207474
597.0,1.0666081346541394,0.7244569273938924
598.0,1.025376207934341,0.7020358638658257
600.0,1.101844144483805,0.7061993747394621
601.0,0.9686724510964123,0.7092984777877933
602.0,1.027854124980186,0.7082617140826472
603.0,1.034326627185668,0.6315304605729494
605.0,1.035128639783796,0.7269241321492779
606.0,0.9917596381498033,0.7554624335483522
608.0,0.9925099178900222,0.7124436852608661
609.0,0.9987928234652063,0.6880924722627935
610.0,0.9798008082727149,0.7035915600092724
611.0,0.9822987728971658,0.7184374742766607
612.0,1.0072986846180059,0.7353655631315297
613.0,1.01516978588115,0.684572330643
614.0,1.0087266487049833,0.7154230655311267
616.0,1.028963354593377,0.6996941012756176
617.0,1.0594743974679155,0.6823248740314963
618.0,1.041158731795866,0.6905394589906874
619.0,0.9766938883344839,0.7678805536973138
620.0,1.0899827065051786,0.6896177628985138
621.0,1.0703585974537604,0.701069324802338
622.0,1.0568180358095625,0.6995551513383121
625.0,1.0531206239314868,0.7210743180611792
626.0,1.0176952549754605,0.6719950920838877
627.0,1.0434430225726568,0.7402956519991429
628.0,0.9956104218935145,0.7470900006517428
629.0,1.0409884093173551,0.6882038498479605
630.0,1.0211899493126924,0.7156475805583107
632.0,1.1599035731175893,0.69993890308797
633.0,1.0493114945234159,0.7198630504000715
634.0,0.9867006001721602,0.6748785712061828
635.0,1.0003388690977435,0.6801703944573724
637.0,1.1559170302608213,0.6850992104383524
638.0,1.0604736316874468,0.6570829794681445
640.0,0.8067028404099682,0.5830478637180577
641.0,1.0852278874181842,0.6953293965347626
642.0,0.9558687742605553,0.691357628351839
643.0,1.1711544698968628,0.7112977777148828
644.0,1.1070963777676133,0.675135194605253
645.0,1.1199379179496916,0.7053308895745354
646.0,0.9938672826049273,0.6649274235556591
648.0,1.0349836817567175,0.6527060857623331
649.0,1.0913329493484503,0.7168901327392164
650.0,1.0655880262652915,0.714196382135959
651.0,0.9912101536215446,0.6696808166805316
652.0,1.0117719613541594,0.6150738766159771
653.0,1.0886972899965628,0.7002746307855897
654.0,1.094470537686555,0.6744552320378394
656.0,0.9840298946980014,0.6490413732400878
657.0,1.0751860013921064,0.6634486907907278
658.0,1.0741483043195987,0.6835654874236828
659.0,1.0319617063519273,0.6961621005232312
660.0,0.9591128014937195,0.6631466445886617
661.0,1.0343520763014626,0.6792859695385975
662.0,1.0420436696579172,0.6632071361025159
664.0,1.0231581952796975,0.656661351122186
665.0,1.0236747639024142,0.7174221377976518
666.0,1.1105794735046046,0.6944854927035748
667.0,0.9638484011572145,0.6415173628852112
669.0,1.0900955418102485,0.7480168873489053
670.0,1.006745764506823,0.6774751211899719
672.0,1.1127431022959304,0.6926119540801071
673.0,1.0594086811499677,0.7077159867320623
674.0,1.0132569386775967,0.6862736256976953
675.0,0.9940248478197767,0.660214442354977
676.0,1.211528831879318,0.6942352237295755
677.0,1.1473582379942393,0.6839208376482383
678.0,1.1468536129555624,0.6952043582835928
680.0,1.0721465908588024,0.697697378359681
681.0,1.0266472026100704,0.6520072974086758
682.0,1.0540171215849659,0.7466822150467582
683.0,0.9477616883555942,0.7370674536418683
684.0,0.976965092023796,0.673052257630052
685.0,0.9827510961687927,0.6763043494279307
686.0,1.066313537751158,0.6900853053784255
688.0,1.1122207544577527,0.7057051149460671
689.0,1.0412736754771579,0.674963911721826
690.0,1.0172347013672771,0.6957171645975292
691.0,1.0968896114321163,0.7103850272634274
692.0,1.02993684839193,0.6647308736243295
693.0,0.9838543355658379,0.6649456736255865
694.0,0.8977989090004441,0.7446259272377672
696.0,1.055693594608332,0.6914733866143118
697.0,1.185934312380525,0.6760436847079246
698.0,1.019690599507495,0.6473746366468007
699.0,1.1101647870672933,0.6515447821636894
701.0,1.0050865366324786,0.6619686718115199
702.0,0.993785152748047,0.6392630702077018
704.0,0.9655144978687935,0.5763160361429498
705.0,1.0198072547683732,0.6988583749794919
706.0,1.0041227786956028,0.6944162150293076
707.0,1.0347657575771085,0.7182315972051191
708.0,0.9929090434846798,0.6579949449801793
709.0,1.0091168432085875,0.6523718615653613
710.0,1.0209600673025967,0.6481552183050363
712.0,0.9915527492894238,0.639156619199118
713.0,1.0758716863033098,0.661497843023415
714.0,1.0234688061150512,0.6843722328860311
715.0,0.8060274580659809,0.7165272183408844
716.0,1.0138378505937855,0.6382930315880552
717.0,1.0368034237190145,0.6877645868822777
718.0,1.1671494779861513,0.6269809959074392
720.0,1.1255700592270024,0.6270057339231218
721.0,1.0662032597711883,0.6440667435584768
722.0,1.0307981334253655,0.7067727936397568
723.0,1.0886582260880087,0.7046909350650012
724.0,1.0885645097004677,0.7528824154118983
725.0,1.0055021339948083,0.6663650766286027
726.0,1.0902057108261132,0.6853896572383396
728.0,1.0951869639078267,0.6551853840879689
729.0,1.0476973965153193,0.6106771029563699
730.0,1.1404857480716584,0.6670607310555511
731.0,1.0256595938767565,0.6408580419943275
733.0,0.9855368399579089,0.646186092216417
734.0,1.059373782662281,0.6512999431100497
736.0,1.1355933392940838,0.6812962369474556
737.0,1.0771434854237076,0.6362368303388868
738.0,1.0549269383909619,0.6683503031999946
739.0,1.1398113614801286,0.654572550530391
740.0,1.0504515828749366,0.6644811532452698
741.0,1.0763226092009344,0.637537431804799
744.0,1.0773014914766852,0.713239484639851
745.0,0.9933261969589031,0.6277115056875361
746.0,1.0422727876294784,0.6880512023058647
747.0,0.9932047018058471,0.6715156819940586
748.0,0.9658702072408422,0.6155889662461483
749.0,1.0383344080675476,0.6529478054931881
750.0,1.095708681725449,0.6372955282156607
753.0,1.1018574381816517,0.6578888245802611
754.0,1.0559636894940925,0.6680698087829167
755.0,1.0758350609782172,0.6791449762516639
756.0,1.0178253248733689,0.6497685444825329
757.0,0.9942460640141513,0.6466918605919721
758.0,1.0716511919756553,0.6718793347933687
760.0,1.2740833999785384,0.6445513202504402
761.0,1.084888089919194,0.6489889482392734
762.0,1.0170202949154403,0.6632338461576524
763.0,0.8699826934441609,0.5289674914986666
765.0,1.0857181132640197,0.6908685925215314
766.0,1.0728028086760204,0.6619346606453747
768.0,1.138145452750402,0.6173630593193711
769.0,0.971224047777931,0.6418700972106013
770.0,1.073598211161936,0.603486592772169
771.0,1.0567268629650666,0.6176446438369676
772.0,1.0268878041705167,0.7892346597466335
773.0,1.21348603846142,0.665662017605694
774.0,1.1655697603268242,0.6800851543656601
776.0,1.0699050649200272,0.6252548573526292
777.0,1.066736510905505,0.6784538663445515
778.0,1.2064641039767616,0.6696372956162452
779.0,1.0194138373296797,0.642139084682177
780.0,0.9617000703535133,0.6151064070109721
781.0,1.0278583198737896,0.6682651958651573
782.0,0.9432498632004154,0.695889771788445
784.0,1.1866413006816288,0.7003428856214148
785.0,1.1070449623752197,0.6014155264696538
786.0,1.0268086806682515,0.666603800829221
787.0,0.9749554572090626,0.7077140586714726
788.0,1.098299020327767,0.7096101735114038
789.0,1.0368415036012404,0.6738836040267713
790.0,1.0079417261482935,0.6333268484892963
792.0,1.086992220493639,0.6263523826092113
794.0,1.0779628502688612,0.6563274064335922
797.0,1.1008716218458066,0.6269439912040247
798.0,1.1638396719497703,0.6712990016797761
800.0,1.149053953682002,0.6488590725414038
801.0,1.0505043652544581,0.6072990321318487
802.0,1.0395072360912296,0.5926148865405608
803.0,1.0467029591661938,0.6199483472199063
804.0,1.053903766671681,0.6183087825710429
805.0,1.0540815425670564,0.6672051592153472
806.0,1.0362979418886413,0.6681897013545621
808.0,1.113368184781874,0.5770512661216819
809.0,1.141220447654927,0.6285709739339254
810.0,1.0584400353574839,0.6937402014460214
811.0,1.0204434182323139,0.6279669230521057
812.0,1.0487191227605936,0.7566609608590749
813.0,1.1297309191818246,0.6669981469642196
814.0,1.114836314784703,0.6744632001144559
816.0,1.1683908845940594,0.7368043005895585
817.0,1.1302469395760306,0.6505212079841346
818.0,1.1373744343220185,0.6234910895996069
819.0,1.0389640647345089,0.6191812589275469
820.0,1.1259424141020051,0.6728682618881477
821.0,1.0312484473154004,0.6429189893247732
822.0,1.104936203281363,0.6322591578729249
824.0,1.0938535426711384,0.6315247307805802
825.0,1.1126728145415943,0.6866631143474563
826.0,1.0935910656970957,0.6817016077041861
827.0,1.124869300737293,0.6897052921982152
829.0,1.0175838996922804,0.6686241151550536
830.0,0.9726168281288509,0.6036062383317164
832.0,1.200322977669641,0.6652555501027887
833.0,1.0269778524747641,0.616649567916495
834.0,1.0701986867133635,0.5793481751692092
835.0,1.0525955718414544,0.734090627107062
836.0,0.9920829185377407,0.6414286044653184
837.0,1.1257789946918844,0.6718049722995082
838.0,0.9585254374750486,0.6139817416716737
840.0,1.1938306771486933,0.6546803523608011
841.0,1.0979384981552485,0.61130713333819
842.0,0.9978999261074172,0.6256303816556704
843.0,1.046017953861866,0.6827576971614008
844.0,0.9963226931904888,0.6100001872027099
845.0,1.0336685472659217,0.6337726168649732
846.0,1.0547877477198573,0.6169015190972824
848.0,0.9372297525280292,0.6231800863982597
849.0,1.043983207817795,0.6631813845975465
850.0,1.1247695773103543,0.6761256960349897
851.0,1.1074962365567529,0.5998787469966378
852.0,0.974778148691577,0.6763318034727572
853.0,1.1114481009822865,0.6565203733283211
854.0,1.0452856628291503,0.6392159199217874
857.0,0.9959913671680619,0.6791007247346517
858.0,1.0748936538001213,0.6867664823900803
861.0,1.0399123923341476,0.6574070204760791
862.0,1.0277287908496384,0.64055350068813
864.0,1.278900027930575,0.6524911417353896
865.0,1.0785033221051032,0.614706452781702
866.0,1.055919583111853,0.6161743874042241
867.0,0.9289235223879807,0.6609209690644081
868.0,1.0052919116528045,0.6922062374018066
869.0,1.0978316207780694,0.6175536870306342
870.0,1.2187441485373256,0.565830443581801
872.0,1.0379117993562925,0.6745633964384974
873.0,0.9315047118103145,0.5773279390354077
874.0,1.0105975334919337,0.6163008502498135
875.0,1.1487521820762898,0.6152867167238365
876.0,0.9280611187652725,0.6333796738128518
877.0,0.9067480056825757,0.6421166277737216
878.0,1.0365027370628177,0.7061611256479717
881.0,1.1192713846767248,0.6263113889937133
882.0,1.000443672240837,0.6694006059480891
883.0,1.124375682816859,0.6206010821162781
884.0,1.0959969301603025,0.5924896605298248
885.0,1.1046231524879726,0.6315876545321588
886.0,1.1300370375691415,0.5685908216999429
888.0,0.9782610283909682,0.7032085803184769
889.0,1.1405746147326619,0.6149637199926966
890.0,1.0831665018190455,0.6554616360465259
891.0,1.1349988046776551,0.6589505540264968
893.0,1.0429742258707486,0.6636552104095506
894.0,1.0373133688336857,0.6826327705631383
896.0,0.9174432409887125,0.5957960615049078
898.0,1.1686643047715555,0.6147977927544979
899.0,1.1462178452833471,0.6271373741180387
900.0,0.9979433488040313,0.540643209519458
901.0,1.1873408517595472,0.600269536261206
902.0,0.9828136963737667,0.6623045693298258
904.0,1.1375198477621296,0.6399527317660416
905.0,1.0224947039011683,0.6360872762824503
906.0,1.1296348805892649,0.6624734318947956
907.0,1.187560217118848,0.5436379475966406
908.0,1.0175565938607487,0.6016987734253776
909.0,0.9695173232336689,0.6186040356534606
910.0,1.070134730539009,0.6874295155555272
912.0,1.1218059125158677,0.4684831220221293
913.0,0.954881644276929,0.5625351333459784
914.0,1.0048628052519684,0.6777213693914502
915.0,1.0040459606208656,0.6283449882044538
916.0,1.1270189741159289,0.6102381118760158
917.0,0.9600717104494546,0.6648192001658515
918.0,1.0924432149917829,0.6202219048349139
920.0,1.0090614725132774,0.6906702088766661
921.0,1.11145226074375,0.6525964339182038
922.0,1.0850408493743025,0.6332614214699641
923.0,1.0244205072566057,0.6344984606090412
925.0,1.0640823392816343,0.6999315602747568
926.0,1.0688127312879612,0.6032170702071241
929.0,1.1324820205414847,0.6322578768360558
930.0,0.9501967692591275,0.6101883632334352
931.0,1.0000814366691135,0.6300587036092852
932.0,1.035541109342692,0.672824782572256
933.0,1.0782153288860583,0.5698860701500091
934.0,1.0138745700044418,0.5805428659366789
936.0,1.0024611371526007,0.6962178713775118
937.0,0.9147350082470677,0.5251023343149883
938.0,1.014567412576051,0.619471304215828
939.0,1.045871183851319,0.5810202645351035
941.0,0.9908222914833136,0.635831222038834
942.0,1.020107493663805,0.6784439817605399
944.0,1.0271582752165473,0.547323242531217
945.0,0.9842032391764686,0.6353943692517424
946.0,0.9476974673371539,0.6414848151044866
947.0,1.0900351257735794,0.6108061160204452
948.0,1.0565860520054648,0.6906482630248628
949.0,1.0296897753643541,0.6016816134870572
950.0,1.0119857646215196,0.6586694529653638
952.0,1.1719070719272027,0.5590788472410556
953.0,1.1272707714385688,0.6005467323073662
954.0,1.073049489375127,0.6424282186271915
955.0,1.0312943310227183,0.6582596918284855
957.0,0.9613510591192999,0.5237399506935719
961.0,1.0419011903673632,0.6251140257246175
962.0,1.041588307089351,0.6708471814003871
963.0,1.031969335084076,0.5892703958348401
964.0,1.0993217976842136,0.6299124352040125
965.0,1.1119699145569812,0.6617173793209838
966.0,1.057347191821272,0.5504991565935822
968.0,1.084599813265347,0.6903691472409637
969.0,1.0215022454586464,0.6158667204902015
970.0,1.06655872577589,0.6314255412806944
971.0,1.076536611185098,0.5978032114375937
972.0,1.1837229732520043,0.763630806232418
973.0,1.0552926952484658,0.6902178874453788
974.0,1.027709030245929,0.6278196478908932
976.0,1.1459192961596216,0.6287892832705576
977.0,1.0853646041254907,0.6711440080186433
978.0,0.9539469483282396,0.6586203145398697
979.0,1.0158778993050226,0.6248142985923408
980.0,0.9905374563564281,0.6772644331993565
981.0,1.0070742770896823,0.6514828193919165
982.0,0.9927592916706693,0.6924538031375543
984.0,1.0309268120745443,0.6287352997059529
985.0,1.062134710927777,0.6045646803733532
986.0,1.0691755870023696,0.6167099690736876
987.0,0.9703933965802607,0.677658164776076
989.0,1.0333095211373813,0.6616020852367233
990.0,0.9911499430640286,0.6051921059832885
992.0,1.001783024895171,0.58462512224178
993.0,1.0750421169533375,0.6197855844572524
995.0,1.2353277480710374,0.729509335722507
996.0,1.2020003316677739,0.6491703857553084
997.0,1.1043260767735457,0.6141679643005172
998.0,1.169659897508861,0.6006055321748213
1000.0,1.1158182024123355,0.707196975933672
1001.0,1.0411996273646384,0.6293497819073189
1003.0,1.1218452640469134,0.6440350184409266
1004.0,0.967559272216017,0.6411247080118128
1005.0,1.0507746797468909,0.6091943306151196
1006.0,1.0477660019651223,0.7115345695213341
1009.0,1.0720028984959868,0.5664127553455066
1010.0,0.9012986460635951,0.5779561665164717
1011.0,1.0862761618103858,0.6764335730293438
1012.0,0.9942663664849671,0.6785419437478825
1013.0,1.1247156032425756,0.60129350191283
1014.0,1.0369481264106397,0.6793509075576408
1017.0,1.0258164244947123,0.6021708032826577
1018.0,1.0161466826909376,0.6485434320813024
1019.0,1.1611533628028314,0.6992665042423656
1021.0,1.0107434261085628,0.6217920890496017
1022.0,1.014523355013507,0.6640239073981321
1025.0,0.9186774601397081,0.6486801441592079
1026.0,1.1268555926632997,0.6613585402538158
1027.0,1.1341903916430147,0.6745113075567006
1028.0,0.9792838664371895,0.6968316147686355
1029.0,1.1293141347471796,0.6080963258196652
1032.0,1.1022514021592427,0.5091269846766037
1033.0,1.0496598744504524,0.6999572773973926
1034.0,1.0085057927107701,0.637243046256989
1037.0,0.9556053819832516,0.6374854953972797
1038.0,1.1773196300755975,0.6037723149683583
1040.0,1.0336820404437979,0.5414951925330003
1041.0,0.9535706549217872,0.6144823924799738
1042.0,0.7930510046182025,0.6516687011792668
1043.0,0.8531593940288041,0.609906382402092
1044.0,0.8651018168822733,0.6856526033936595
1046.0,1.0244784636624478,0.7022841942094126
1048.0,0.9296979582787617,0.4559906880077689
1049.0,0.9544564755569854,0.6581749637112639
1050.0,1.116286959218615,0.6360265267697659
1051.0,0.9302722064889227,0.6858567980491161
1053.0,1.0208340974960333,0.6594938739999495
1054.0,1.059835696032947,0.656974702964198
1056.0,0.89763075783475,0.6846611805717698
1057.0,1.0802474759195067,0.6430148139598045
1058.0,1.0184415228272772,0.6719988483079702
1059.0,1.042080073870745,0.6093188025559031
1060.0,1.2995036429901339,0.780090336083637
1061.0,1.0133977182980691,0.6262917117561236
1062.0,1.0609148108840594,0.6176678692859112
1064.0,1.0602215562905735,0.6755051702151971
1066.0,1.1943450931646011,0.6513211403753373
1067.0,0.9448002968904675,0.5395227731901336
1068.0,1.2155043938272116,0.5828261979753953
1069.0,1.0351849887966902,0.6716968369877733
1070.0,0.8912382754329957,0.6293472400195876
1073.0,1.0780285451957132,0.5767955936833121
1074.0,1.061766830375881,0.6967492525495588
1076.0,1.0911034814180425,0.6538713276915263
1077.0,1.038641948478387,0.6568817584902368
1078.0,1.0312361344148213,0.6306807672827882
1080.0,1.098909439825224,0.6950111486833218
1081.0,1.1602232718828593,0.725070928974576
1083.0,0.9186828079973156,0.6291032912259941
1085.0,1.088968116536686,0.713418190841967
1086.0,1.0116419032687343,0.6412462074219653
1088.0,1.0216678747802994,0.5290957034051372
1089.0,1.1996283033931927,0.6638995218733874
1090.0,1.0232102889393542,0.7586006690926478
1091.0,1.0526945528741007,0.6628397353814421
1094.0,1.0460491394096663,0.7029710614086832
1096.0,1.0781625279938805,0.7102656882745667
1097.0,0.975409081984287,0.6605963028372072
1098.0,1.0480296148545394,0.6491793441362462
1101.0,1.0225826390482742,0.732827157260159
1105.0,0.9421447088271955,0.6657372102806759
1106.0,1.0747321314045997,0.7147126464742806
1107.0,1.0465691660084369,0.6520049193704219
1109.0,0.990821924890242,0.682307780545006
1112.0,1.027303758151773,0.7694884494778057
1113.0,0.8685582193134395,0.6681620161488
1114.0,1.0672667186753795,0.7603068342816997
1115.0,1.0152252082089444,0.623692903529885
1117.0,1.0367801691924694,0.729964573533182
1120.0,0.8958088394808444,0.6665662691814408
1121.0,0.8737587372518631,0.691673199725834
1122.0,0.9310287279605071,0.6781860922591659
1124.0,1.0111169067985801,0.7308959086811627
1125.0,0.9744340976950889,0.5909737181760204
1126.0,1.101891089645711,0.665946879723091
1130.0,0.9134366495576711,0.6825108805507227
1132.0,1.0359132174797434,0.6786093956823019
1133.0,0.9975157648862408,0.6827551535959016
1134.0,1.0703594534618588,0.737078428705738
1137.0,0.9486190565105315,0.6650777785748647
1138.0,0.9724740047466496,0.7021116889533578
1139.0,1.0219993187560399,0.7528829663734474
1140.0,1.009610616390886,0.679337190018841
1141.0,1.0664646365066013,0.6371580445496761
1142.0,1.1780614693121154,0.7110396308254614
1145.0,1.026838009961226,0.7002275191067467
1146.0,1.114719936425431,0.6391699708819752
1150.0,1.141451570657099,0.6253743207554717
1152.0,0.7536050816163684,0.8631302994254393
1153.0,0.8778376613302795,0.6554951321521039
1154.0,1.0284934057089394,0.6837195099592288
1156.0,0.9633756404028316,0.736477918257443
1157.0,1.0957166835539485,0.6624621165270322
1158.0,0.8325806447874724,0.7452272549019021
1160.0,1.0235566712014876,0.7150513122946474
1161.0,0.9161416424453562,0.703046211064533
1162.0,1.2238781775204743,0.7138205389395119
1163.0,1.100069148875129,0.672336961239774
1164.0,0.9945786698137684,0.7616063510900816
1165.0,0.8301994588105391,0.6839396243214628
1166.0,1.0357394382042664,0.7415270994404496
1168.0,0.9025559981046963,0.6533991074507374
1169.0,0.8734583408485705,0.6383873010487574
1171.0,1.2762129282614763,0.6945929107590796
1172.0,0.9902988890992032,0.7403864777243095
1173.0,1.12792566016179,0.8568766849270724
1177.0,1.142219900602285,0.6540963389086123
1179.0,1.0728266273159857,0.6890256521556122
1181.0,1.1069099737170494,0.6873410310756768
1182.0,0.9837918625674105,0.6293974556763946
1185.0,1.1292846325010717,0.6813820241017441
1186.0,1.0797006445900992,0.7522352936114391
1188.0,0.9419876453762237,0.7114665977175814
1189.0,1.0463592278859253,0.7125359814920089
1193.0,1.0033934198934569,0.698375976854182
1195.0,0.9524332036037501,0.8710704238095456
1200.0,1.335709700456468,0.8799833771189808
1201.0,1.0716753316730687,0.7249778354011687
1202.0,1.0289241354604806,0.7519933259744668
1204.0,1.0171940731330913,0.6754365898660154
1205.0,0.9599450215458857,0.755107109892196
1206.0,1.0306585118555998,0.746569297597584
1208.0,0.9711405988208086,0.7461542389404445
1209.0,1.0406985466071046,0.7219062556971559
1213.0,0.8833482422491321,0.7032804094721445
1214.0,1.046464373688575,0.7226778781817776
1216.0,0.8775475504772712,0.6755838705078774
1218.0,0.9998485278806698,0.7264217020543844
1224.0,0.9535776937692381,0.7236804507547513
1226.0,1.0784525528325437,0.7119850863503883
1227.0,0.9861254681009063,0.8223702248635458
1229.0,1.0406953861039414,0.7318906620123637
1232.0,0.9721520242234943,0.6785961524230453
1233.0,0.8989755345990672,0.6461508698225534
1238.0,1.0968188736082218,0.8413909325612813
1241.0,1.435090277471021,0.6672250638006715
1242.0,1.0590597796558494,0.7539227238794551
1243.0,1.1306897930826179,0.6675025231179327
1245.0,1.009363859366398,0.7391750699951759
1249.0,1.0326039898126997,0.7305134117215218
1251.0,0.8491254735677792,0.6699229618805241
1252.0,0.8380939381832346,0.8445383767242752
1253.0,1.1139553192166134,0.678188819003806
1254.0,0.9673385104880498,0.9271965671602586
1256.0,1.050845642113687,0.738976733705888
1257.0,0.9127936003380132,0.7612762734682232
1259.0,0.9734884598497512,0.7528700912583135
1261.0,1.1149567518929748,0.8386464184347459
1265.0,1.1138893497532114,0.9256571974372751
1269.0,1.0955800184240716,0.7996589385344479
1273.0,1.0968900193284021,0.8699974360858787
1274.0,1.07850799790942,0.8384348727832166
1282.0,0.9637045156931799,0.7950316644558637
1283.0,0.9197623471954833,0.8925870841870952
1284.0,1.184824462482457,0.7973340157070371
1285.0,0.9901780207341874,0.8513888962837711
1286.0,1.01391130124895,0.809098298009783
1290.0,1.0316806970761176,0.8035766301350039
1292.0,0.7153517615755304,0.772137720733837
1294.0,1.1880301313757322,0.7111836543182168
1296.0,0.9712670739245921,0.9088175187507989
1298.0,0.74351884077304,1.1001789793743997
1300.0,0.9683508248845195,0.8246778550428957
1301.0,1.0147551283335716,0.846757003846052
1302.0,0.9534418150169278,0.795847023614726
1306.0,0.9886021496004769,0.8537565608771942
1314.0,0.9714316325339194,0.7508974992429247
1316.0,0.973973494981608,0.9135206593117712
1321.0,0.9733318231081248,0.7913393821805982
1323.0,1.3242195319113224,0.6536142763411584
1325.0,1.0314175206888008,0.8046175855091732
1329.0,1.110410970294049,0.9382674686874068
1330.0,0.8990473433137808,0.7878061155474385
1331.0,0.9898204590492687,0.9828611110208385
1337.0,0.9696134979420512,0.8254103232108886
1341.0,1.0250745068987297,0.9498291589961918
1347.0,1.0610087010858498,1.0213565647356975
1348.0,1.0325994867752257,0.8907644948349412
1349.0,1.0521785863876516,0.8751747879486542
1361.0,0.932826645390707,0.9349215700911143
1366.0,0.9947050305826511,0.895507749184457
1368.0,1.0236032461195395,1.0238103672409447
1370.0,0.9586430852946032,0.9055022682581494
1374.0,1.1123124104614739,0.8662371059478892
1376.0,1.0439427364449567,0.948709730303833
1377.0,1.2745902735315202,0.844883518404513
1378.0,0.935761292405958,0.8039361932426919
1382.0,1.1048356244346216,0.9763863847596287
1384.0,1.0941686278365166,0.7899077055635109
1394.0,1.0256869626693181,0.9621384025125115
1408.0,0.8513479115976196,0.970034996648588
1409.0,0.8759407209619104,0.9243140582728413
1411.0,1.0202172466591477,0.8847762204670006
1413.0,0.9126471500167019,0.8226257724559315
1417.0,1.0726238072944905,0.8890814796587918
1419.0,1.0523866434702442,0.8791266620968355
1421.0,0.9159303952110717,1.0249634922695716
1429.0,1.015659888580982,1.0933885968707155
1441.0,0.9416410763942906,0.9490921193632216
1452.0,0.8403373634764632,1.2056084753436467
1454.0,0.9143009542865439,1.1095749866546056
1458.0,1.0694420112868026,1.031292713629166
1460.0,0.9552625626979878,1.1639884667694533
1466.0,0.9872782749664939,1.1895605176109252
1476.0,1.091715546954556,1.2557137356327817
1497.0,0.9806162199724228,1.2890159612172334
1499.0,1.1209162343497738,1.085689040132469
1501.0,1.1209572183314966,1.0957266174362619
1505.0,1.1442750066263931,1.0984241609379415
1513.0,1.2010568453257677,1.325322389405041
1542.0,0.8736323373212337,1.1384973750539664
1544.0,1.0038877056423923,1.538058489703063
1546.0,0.8814523394705062,1.2992778366431361
1552.0,0.7825983335984203,1.496261690046999
1587.0,0.8958047483375693,1.0517945062860894
1589.0,0.9269813813544191,1.3749745965762359
1593.0,0.9599295189870949,1.1309718297700715
1634.0,1.1839979258785445,1.4848867991489763
1636.0,0.9018778637998124,1.5316187303438107
1681.0,1.11951835442938,1.3065887220760177
1728.0,0.8455859026999478,0.743148042053804
