TimeStep,c_t,c_wcaPair,c_patchPair,c_swapPair,c_ep,c_ek,v_eT,v_ec,v_eC,c_p,v_eB,v_eA,v_eM,id
100000.0,0.014206380000000001,0.06294388,-31.87461,0.0,263.4648,330.27700000000004,0.03830593,42454.69000000001,42454.73,9.379614e-5,0.007756701,0.01129339,0.019050100000000004,0.010.050.055000.01.00.001
200000.0,0.0149912,0.8243012999999999,-243.33579999999998,0.0,-83.05277,348.523,0.01712712,42782.880000000005,42782.880000000005,0.00027315909999999996,0.0051082259999999996,0.005179429,0.010287649999999999,0.010.050.055000.01.00.001
300000.0,0.02498417,3.1988169999999996,-561.9952000000001,0.0,-292.5221,580.8446,0.01860145,42759.58,42759.59,0.00042552780000000004,0.008534442,0.008644535,0.01717898,0.010.050.055000.01.00.001
400000.0,0.034991259999999996,7.696878,-921.2695000000001,0.0,-539.6978,813.4943999999999,0.01766431,42773.58,42773.6,0.0005481851999999999,0.01199921,0.012121749999999999,0.02412095,0.010.050.055000.01.00.001
500000.0,0.04499513000000001,14.435939999999997,-1282.4019999999998,0.0,-785.7072000000001,1046.07,0.016797529999999998,42785.95,42785.95,0.0006421081,0.01551564,0.015597759999999999,0.03111341,0.010.050.055000.01.00.001
600000.0,0.05006122,20.6116,-1623.4,0.0,-1064.772,1163.848,0.006392033,162.4026,162.409,0.0006478604,0.017355670000000004,0.01735505,0.0347107,0.010.050.055000.01.00.001
700000.0,0.05005499,24.33043,-1917.993,0.0,-1354.6950000000002,1163.7040000000002,-0.01232206,450.19000000000005,450.17779999999993,0.0005903441999999999,0.01740232,0.017369729999999996,0.03477206000000001,0.010.050.055000.01.00.001
800000.0,0.05002937,27.57023,-2165.852,0.0,-1598.516,1163.107,-0.02809085,691.8338,691.8054,0.0005448366,0.01745277,0.01737079,0.034823549999999995,0.010.050.055000.01.00.001
900000.0,0.05003217,30.120569999999997,-2370.607,0.0,-1799.9219999999998,1163.1739999999998,-0.04108059,891.7475000000001,891.7059999999999,0.000499357,0.017501330000000002,0.01737377,0.0348751,0.010.050.055000.01.00.001
1.0e6,0.050035750000000004,32.64735,-2555.3759999999993,0.0,-1981.5400000000002,1163.2559999999999,-0.05279249000000001,1071.2079999999999,1071.155,0.0004720651,0.017542980000000003,0.01737244,0.034915440000000006,0.010.050.055000.01.00.001
1.1e6,0.05003959,34.67502,-2712.184,0.0,-2135.438,1163.3470000000002,-0.06271573000000001,1222.54,1222.4759999999999,0.0004385443,0.01760146,0.01737077,0.03497224,0.010.050.055000.01.00.001
1.2e6,0.05002052,36.55882999999999,-2852.204,0.0,-2273.38,1162.902,-0.07164366999999999,1359.0989999999997,1359.028,0.0004114517,0.017617439999999998,0.017367419999999998,0.034984850000000005,0.010.050.055000.01.00.001
1.3e6,0.05001846000000001,38.31992,-2977.177,0.0,-2396.109,1162.855,-0.07956487999999999,1479.497,1479.4170000000001,0.0003896467,0.01765002,0.01736594,0.035015979999999995,0.010.050.055000.01.00.001
1.4e6,0.05002052,39.70516,-3089.14,0.0,-2506.1730000000002,1162.901,-0.08666265,1588.467,1588.379,0.00036496809999999995,0.017671529999999998,0.01737767,0.035049199999999996,0.010.050.055000.01.00.001
1.5e6,0.05002987,41.112719999999996,-3187.29,0.0,-2602.314,1163.1200000000001,-0.09285125,1683.2899999999997,1683.196,0.0003471543,0.01771536,0.0173726,0.03508793,0.010.050.055000.01.00.001
1.6e6,0.050021319999999994,42.463589999999996,-3279.829,0.0,-2693.312,1162.92,-0.09873485000000001,1773.3929999999996,1773.2939999999994,0.00033177909999999996,0.01773228,0.01736802,0.03510031,0.010.050.055000.01.00.001
1.7e6,0.05001560000000001,43.48482,-3364.04,0.0,-2776.188,1162.788,-0.1040904,1855.756,1855.65,0.00031158739999999997,0.01775898,0.01736141,0.035120389999999994,0.010.050.055000.01.00.001
1.8e6,0.05002147,44.6092,-3442.546,0.0,-2853.301,1162.924,-0.10905619999999998,1931.632,1931.523,0.0002977647,0.01777074,0.01736731,0.03513803,0.010.050.055000.01.00.001
1.9e6,0.04999948,45.61042,-3512.2300000000005,0.0,-2921.774,1162.413,-0.11350719999999999,2000.7520000000004,2000.6380000000001,0.0002865897,0.01778995,0.01736146,0.03515141,0.010.050.055000.01.00.001
2.0e6,0.050002729999999995,46.42351000000001,-3574.0159999999996,0.0,-2982.3639999999996,1162.489,-0.11741130000000002,2061.357,2061.237,0.0002755044,0.01781548,0.01736049,0.03517601,0.010.050.055000.01.00.001
2.1e6,0.05001116,47.29968999999999,-3630.8350000000005,0.0,-3037.809,1162.684,-0.12097580000000001,2116.564,2116.443,0.0002647559,0.01783916,0.017368969999999997,0.035208119999999996,0.010.050.055000.01.00.001
2.2e6,0.050039049999999995,48.1301,-3683.6160000000004,0.0,-3089.273,1163.334,-0.12425420000000001,2167.38,2167.2529999999997,0.0002561308,0.017850130000000002,0.017389219999999997,0.0352394,0.010.050.055000.01.00.001
2.3e6,0.050011490000000006,48.781659999999995,-3734.447,0.0,-3139.5330000000004,1162.692,-0.12753799999999998,2218.915,2218.787,0.0002443983,0.017864790000000002,0.017369680000000002,0.03523445,0.010.050.055000.01.00.001
2.4e6,0.05003528,49.58012,-3782.4089999999997,0.0,-3186.2619999999997,1163.246,-0.1305172,2265.5640000000003,2265.432,0.0002369893,0.017890490000000002,0.01737184,0.03526234,0.010.050.055000.01.00.001
2.5e6,0.050006659999999994,50.231759999999994,-3831.5979999999995,0.0,-3234.5750000000003,1162.5790000000002,-0.13367729999999997,2314.644,2314.512,0.00022587319999999998,0.017900229999999996,0.01737665,0.03527688,0.010.050.055000.01.00.001
2.6e6,0.05002799,50.806160000000006,-3873.6130000000003,0.0,-3275.838,1163.076,-0.1363072,2356.118,2355.9809999999998,0.00021301340000000002,0.01791837,0.01736993,0.035288299999999995,0.010.050.055000.01.00.001
2.7e6,0.04999750000000001,51.54344999999999,-3916.018,0.0,-3317.558,1162.367,-0.1390447,2398.7799999999997,2398.6419999999994,0.00021359699999999997,0.017920230000000002,0.01736474,0.03528498,0.010.050.055000.01.00.001
2.8e6,0.050008989999999996,52.118550000000006,-3956.4659999999994,0.0,-3356.923,1162.635,-0.1415671,2439.358,2439.215,0.00020191829999999998,0.01795046,0.01736713,0.035317600000000005,0.010.050.055000.01.00.001
2.9e6,0.04999173999999999,52.70082,-3991.8,0.0,-3391.6340000000005,1162.232,-0.14383230000000002,2475.879,2475.736,0.00019396489999999998,0.017953240000000002,0.01736704,0.03532026,0.010.050.055000.01.00.001
3.0e6,0.050002990000000004,53.15442,-4024.107,0.0,-3423.182,1162.494,-0.1458508,2508.996,2508.8469999999998,0.0001904756,0.01797199,0.01736797,0.035339960000000004,0.010.050.055000.01.00.001
3.1e6,0.050002599999999994,53.655060000000006,-4056.1699999999996,0.0,-3454.55,1162.4850000000001,-0.1478749,2542.148,2542.0,0.0001827513,0.01798472,0.017368,0.03535275,0.010.050.055000.01.00.001
3.2e6,0.04999498,54.06604,-4085.6140000000005,0.0,-3483.6639999999998,1162.31,-0.14976489999999998,2573.766,2573.616,0.0001770709,0.017988920000000002,0.01735823,0.035347159999999996,0.010.050.055000.01.00.001
3.3e6,0.05001129,54.52544,-4114.807999999999,0.0,-3511.9499999999994,1162.687,-0.1515652,2604.13,2603.978,0.00017454010000000003,0.017995340000000002,0.017380899999999998,0.03537623,0.010.050.055000.01.00.001
3.4e6,0.050004950000000006,54.89924,-4141.141,0.0,-3537.8650000000002,1162.539,-0.1532468,2632.0560000000005,2631.9040000000005,0.0001687547,0.0180076,0.01737142,0.03537905,0.010.050.055000.01.00.001
3.5e6,0.04998656,55.20528,-4166.394,0.0,-3562.9199999999996,1162.113,-0.1548908,2659.685,2659.529,0.0001615486,0.018008859999999998,0.01736338,0.03537224,0.010.050.055000.01.00.001
3.6e6,0.050010559999999996,55.74365,-4190.239999999999,0.0,-3585.7309999999998,1162.671,-0.1563266,2683.7560000000003,2683.6,0.000160615,0.018035870000000002,0.017368349999999998,0.035404210000000005,0.010.050.055000.01.00.001
3.7e6,0.04998971,56.08687,-4214.454,0.0,-3609.7649999999994,1162.186,-0.1579085,2710.549,2710.391,0.0001516892,0.01804506,0.017348750000000003,0.035393810000000005,0.010.050.055000.01.00.001
3.8e6,0.050009250000000005,56.446630000000006,-4237.25,0.0,-3631.8840000000005,1162.6399999999999,-0.15930609999999995,2734.602,2734.4429999999998,0.0001503923,0.01804721,0.017366760000000002,0.03541397999999999,0.010.050.055000.01.00.001
3.9e6,0.05001061,56.74096999999999,-4259.615,0.0,-3653.4880000000003,1162.6689999999999,-0.16069779999999997,2758.2410000000004,2758.0799999999995,0.0001434173,0.01806886,0.017375290000000005,0.035444159999999995,0.010.050.055000.01.00.001
4.0e6,0.04999685999999999,57.13470000000001,-4281.738,0.0,-3675.4479999999994,1162.3519999999999,-0.1621353,2783.0209999999997,2782.8599999999997,0.0001386598,0.018059219999999994,0.017370180000000002,0.03542939,0.010.050.055000.01.00.001
4.1e6,0.04999099,57.50596,-4301.874,0.0,-3695.0020000000004,1162.217,-0.16340559999999998,2805.29,2805.123,0.00013776630000000002,0.018077050000000004,0.017365949999999998,0.035442999999999995,0.010.050.055000.01.00.001
4.2e6,0.05001067,57.753139999999995,-4321.992,0.0,-3714.4129999999996,1162.6730000000002,-0.1646284,2826.9039999999995,2826.74,0.0001298582,0.01808824,0.0173844,0.035472619999999996,0.010.050.055000.01.00.001
4.3e6,0.04999944,58.25019000000001,-4340.789,0.0,-3732.7949999999996,1162.4119999999998,-0.1658311,2848.4190000000003,2848.2519999999995,0.000136768,0.018099949999999997,0.017367260000000002,0.03546718,0.010.050.055000.01.00.001
4.4e6,0.050027619999999995,58.60387999999999,-4359.405000000001,0.0,-3750.6629999999996,1163.0660000000003,-0.1669418,2868.4669999999996,2868.3,0.0001315636,0.01810896,0.01738371,0.035492659999999995,0.010.050.055000.01.00.001
4.5e6,0.05000148,58.79928000000001,-4376.407,0.0,-3767.5550000000003,1162.46,-0.1680707,2889.303,2889.1349999999993,0.00012646959999999997,0.01811637,0.01737091,0.03548728,0.010.050.055000.01.00.001
4.6e6,0.05000850999999999,59.18954999999998,-4395.362999999999,0.0,-3786.1839999999997,1162.623,-0.1692621,2910.7239999999997,2910.557,0.00012144779999999999,0.01812774,0.01735556,0.035483289999999994,0.010.050.055000.01.00.001
4.7e6,0.049996639999999995,59.476839999999996,-4414.397,0.0,-3804.6510000000003,1162.3469999999998,-0.1704712,2931.8520000000003,2931.682,0.00012161450000000001,0.018125830000000002,0.01737552,0.03550133,0.010.050.055000.01.00.001
4.8e6,0.05000306,59.66251,-4431.327,0.0,-3821.036,1162.4950000000001,-0.17151869999999997,2950.55,2950.3779999999997,0.00011154920999999999,0.01814812,0.01737627,0.03552442,0.010.050.055000.01.00.001
4.9e6,0.049999379999999996,60.07383,-4447.934,0.0,-3837.256999999999,1162.41,-0.17257070000000002,2969.9289999999996,2969.7560000000003,0.00011906871000000001,0.01815091,0.01737182,0.035522740000000004,0.010.050.055000.01.00.001
5.0e6,0.050000840000000005,60.31971,-4461.904,0.0,-3850.9089999999997,1162.4450000000002,-0.17344940000000003,2986.943,2986.7709999999997,0.00011400604,0.018160150000000003,0.01736713,0.0355273,0.010.050.055000.01.00.001
5.1e6,0.04997705,60.580169999999995,-4476.802000000001,0.0,-3865.786,1161.8920000000003,-0.1744447,3005.954,3005.781,0.00011442978000000001,0.018157580000000003,0.017354429999999997,0.035512010000000004,0.010.050.055000.01.00.001
5.2e6,0.05000591,60.83824,-4489.916,0.0,-3878.2270000000003,1162.5610000000001,-0.17520429999999998,3021.2490000000003,3021.0729999999994,0.00010868373000000001,0.01817093,0.0173679,0.03553886,0.010.050.055000.01.00.001
5.3e6,0.049989509999999994,61.014340000000004,-4503.57,0.0,-3891.5209999999997,1162.181,-0.1760864,3038.6349999999998,3038.4579999999996,0.00010004395999999999,0.018177270000000002,0.01737328,0.03555055,0.010.050.055000.01.00.001
5.4e6,0.05001610000000001,61.21837999999999,-4518.947,0.0,-3906.2940000000003,1162.801,-0.1769997,3056.391,3056.214,9.316189e-5,0.01820396,0.01737232,0.03557628,0.010.050.055000.01.00.001
5.5e6,0.04999632,61.52944000000001,-4531.863,0.0,-3919.1399999999994,1162.34,-0.17785820000000002,3073.6130000000003,3073.4350000000004,9.496318999999999e-5,0.018198609999999997,0.0173623,0.03556089999999999,0.010.050.055000.01.00.001
5.6e6,0.0500113,61.84051000000001,-4545.44,0.0,-3931.9619999999995,1162.6870000000001,-0.1786629,3090.162,3089.9829999999997,9.626464e-5,0.018208079999999998,0.01738157,0.03558968,0.010.050.055000.01.00.001
5.7e6,0.05001654,62.03428,-4558.383,0.0,-3944.614,1162.81,-0.1794712,3106.6719999999996,3106.493,9.189588e-5,0.018217030000000002,0.01737883,0.03559585,0.010.050.055000.01.00.001
5.8e6,0.05001576,62.38854,-4571.097000000001,0.0,-3956.9800000000005,1162.791,-0.1802702,3122.999,3122.8190000000004,9.653452e-5,0.018220900000000005,0.01737446,0.035595390000000005,0.010.050.055000.01.00.001
5.9e6,0.050012669999999995,62.67949,-4584.9839999999995,0.0,-3970.381,1162.718,-0.1811396,3140.2230000000004,3140.04,9.773835000000003e-5,0.018234939999999998,0.017373009999999998,0.03560797,0.010.050.055000.01.00.001
6.0e6,0.0500154,62.76901,-4594.984,0.0,-3980.3910000000005,1162.783,-0.18178119999999998,3154.2830000000004,3154.102,8.477663e-5,0.01823936,0.01736223,0.03560158,0.010.050.055000.01.00.001
6.1e6,0.04999931,62.95339,-4605.676,0.0,-3990.7850000000008,1162.4100000000003,-0.182476,3169.566,3169.384,9.24951e-5,0.01824212,0.01736683,0.03560893,0.010.050.055000.01.00.001
6.2e6,0.05001257,63.24195000000001,-4616.117,0.0,-4000.8059999999996,1162.7190000000003,-0.1831026,3184.0759999999996,3183.8920000000007,8.453005000000001e-5,0.01824776,0.017369509999999998,0.03561726,0.010.050.055000.01.00.001
6.3e6,0.0500139,63.501099999999994,-4626.992,0.0,-4011.2309999999998,1162.7490000000003,-0.18377329999999997,3199.1589999999997,3198.9759999999997,8.110092e-5,0.01826466,0.01736505,0.035629709999999995,0.010.050.055000.01.00.001
6.4e6,0.050001260000000006,63.49078000000001,-4637.68,0.0,-4022.0480000000002,1162.4540000000002,-0.1844901,3215.3010000000004,3215.1169999999997,7.414926e-5,0.01825305,0.017368869999999998,0.03562189,0.010.050.055000.01.00.001
6.5e6,0.05000677,63.64533999999999,-4647.782,0.0,-4031.5880000000006,1162.584,-0.18509720000000002,3229.279,3229.094,7.478098e-5,0.01826492,0.017383169999999996,0.03564808,0.010.050.055000.01.00.001
6.6e6,0.05000104,63.80649,-4657.123,0.0,-4040.7759999999994,1162.449,-0.1856986,3243.6939999999995,3243.509,7.369422999999999e-5,0.01826879,0.017379,0.03564779,0.010.050.055000.01.00.001
6.7e6,0.050030050000000006,63.92867,-4666.188,0.0,-4049.4260000000004,1163.1240000000003,-0.1862133,3256.329,3256.143,6.690425999999999e-5,0.018294380000000002,0.017372279999999997,0.03566665000000001,0.010.050.055000.01.00.001
6.8e6,0.05002191,64.22763,-4675.910000000001,0.0,-4058.749,1162.936,-0.1868267,3270.1539999999995,3269.966,6.762974e-5,0.01828745,0.0173858,0.035673239999999995,0.010.050.055000.01.00.001
6.9e6,0.050010599999999995,64.49154999999999,-4684.48,0.0,-4067.032,1162.6709999999998,-0.1873784,3283.315000000001,3283.1279999999997,7.349220000000001e-5,0.018295150000000003,0.01737934,0.0356745,0.010.050.055000.01.00.001
7.0e6,0.04999511,64.55346999999999,-4692.405,0.0,-4075.2630000000004,1162.311,-0.18793240000000003,3296.797,3296.6090000000004,6.121410000000001e-5,0.01829508,0.017355790000000003,0.03565089,0.010.050.055000.01.00.001
7.1e6,0.05001127,64.7123,-4700.913,0.0,-4083.207,1162.685,-0.18842070000000002,3309.097,3308.9100000000008,6.660552e-5,0.018304289999999994,0.01737259,0.035676879999999994,0.010.050.055000.01.00.001
7.2e6,0.05000595000000001,64.94524,-4708.128,0.0,-4090.3959999999997,1162.5639999999999,-0.1888922,3321.822,3321.6340000000005,7.405092000000001e-5,0.01829654,0.01736721,0.035663749999999994,0.010.050.055000.01.00.001
7.3e6,0.05000009999999999,64.90396,-4714.856000000001,0.0,-4097.143999999999,1162.4260000000002,-0.18933660000000002,3334.0850000000005,3333.8949999999995,6.185390000000001e-5,0.01829779,0.0173673,0.035665089999999997,0.010.050.055000.01.00.001
7.4e6,0.04999549,65.11780999999999,-4722.032,0.0,-4104.107999999999,1162.32,-0.18979269999999998,3346.393,3346.202,6.956876e-5,0.01830562,0.01735933,0.03566492,0.010.050.055000.01.00.001
7.5e6,0.0500047,65.18289999999999,-4728.976,0.0,-4110.764,1162.536,-0.19020840000000003,3358.429,3358.237,5.9733059999999996e-5,0.018312649999999996,0.01736654,0.03567918,0.010.050.055000.01.00.001
7.6e6,0.04998649,65.35659,-4734.802,0.0,-4116.511,1162.111,-0.19060639999999998,3370.2830000000004,3370.0910000000003,6.610620000000001e-5,0.01831306,0.017360160000000003,0.03567322,0.010.050.055000.01.00.001
7.7e6,0.049998100000000004,65.47156000000001,-4742.686,0.0,-4124.124,1162.381,-0.1910803,3382.8689999999997,3382.678,6.506551e-5,0.0183131,0.01737009,0.035683160000000005,0.010.050.055000.01.00.001
7.8e6,0.04999401,65.54221,-4749.027,0.0,-4130.429,1162.284,-0.1914934,3394.8269999999998,3394.6350000000007,6.314302999999999e-5,0.01831986,0.01736112,0.03568097,0.010.050.055000.01.00.001
7.9e6,0.049990070000000005,65.87714000000001,-4755.946000000001,0.0,-4136.889000000001,1162.1950000000002,-0.1919158,3406.6059999999998,3406.415,6.850536000000001e-5,0.018325590000000003,0.01736329,0.035688889999999994,0.010.050.055000.01.00.001
8.0e6,0.04998515,65.82714,-4762.503,0.0,-4143.525,1162.0800000000002,-0.1923513,3419.082000000001,3418.889,6.235184999999999e-5,0.01833078,0.01735656,0.03568734,0.010.050.055000.01.00.001
8.1e6,0.04999965,65.91792000000001,-4769.125,0.0,-4149.769,1162.4180000000001,-0.19273239999999997,3431.032,3430.8409999999994,5.4898869999999995e-5,0.01833991,0.01736586,0.035705749999999994,0.010.050.055000.01.00.001
8.2e6,0.0499967,66.25945,-4774.746999999999,0.0,-4154.967,1162.3480000000002,-0.1930723,3442.3010000000004,3442.108,5.855730999999998e-5,0.01834368,0.01736744,0.0357111,0.010.050.055000.01.00.001
8.3e6,0.04998521000000001,66.25487,-4781.535,0.0,-4161.823,1162.0800000000002,-0.1935318,3455.4230000000002,3455.2290000000003,5.357768e-5,0.018336319999999996,0.01737056,0.03570688,0.010.050.055000.01.00.001
8.4e6,0.04999315,66.47385999999999,-4788.642000000001,0.0,-4168.5740000000005,1162.264,-0.19395540000000003,3467.682,3467.489,6.409264000000001e-5,0.018347159999999998,0.01736856,0.03571571,0.010.050.055000.01.00.001
8.5e6,0.050005560000000004,66.52798,-4794.193,0.0,-4173.681,1162.5539999999999,-0.1942663,3478.225,3478.032,4.7533869999999994e-5,0.01836261,0.01737825,0.035740850000000005,0.010.050.055000.01.00.001
8.6e6,0.04999368,66.66723999999999,-4800.818,0.0,-4180.689,1162.28,-0.19473610000000002,3491.0929999999994,3490.9,4.8493200000000005e-5,0.018356759999999996,0.01735054,0.035707300000000004,0.010.050.055000.01.00.001
8.7e6,0.04999775,66.78391000000002,-4807.314,0.0,-4186.865000000001,1162.372,-0.1951284,3503.112,3502.9159999999997,5.278336e-5,0.01836558,0.017354840000000003,0.03572041999999999,0.010.050.055000.01.00.001
8.8e6,0.05000261,66.82991,-4812.444,0.0,-4191.755,1162.4859999999999,-0.1954367,3514.1059999999998,3513.9119999999994,5.304024e-5,0.018357259999999997,0.01737562,0.03573286,0.010.050.055000.01.00.001
8.9e6,0.05000097,66.94035,-4817.822,0.0,-4196.959,1162.449,-0.19577499999999998,3525.572,3525.375,4.9377329999999994e-5,0.018363019999999997,0.01737391,0.03573689,0.010.050.055000.01.00.001
9.0e6,0.050012140000000004,67.12801999999999,-4823.322999999999,0.0,-4202.249000000001,1162.708,-0.1960995,3536.9440000000004,3536.7470000000003,4.558916e-5,0.01837675,0.0173617,0.03573848,0.010.050.055000.01.00.001
9.1e6,0.049999720000000004,67.37956,-4828.8150000000005,0.0,-4207.421,1162.4190000000003,-0.196452,3548.6,3548.4019999999996,5.2662040000000015e-5,0.018380379999999995,0.01736239,0.03574278,0.010.050.055000.01.00.001
9.2e6,0.050006819999999993,67.61566,-4834.837,0.0,-4213.023,1162.584,-0.1968026,3560.3540000000003,3560.157,6.0390620000000006e-5,0.0183774,0.01737723,0.03575465,0.010.050.055000.01.00.001
9.3e6,0.05000338,67.65978,-4841.165000000001,0.0,-4219.263000000001,1162.5040000000001,-0.19721,3572.9630000000006,3572.767,4.978478900000001e-5,0.018378659999999998,0.0173789,0.03575754999999999,0.010.050.055000.01.00.001
9.4e6,0.05000321,67.79623000000001,-4846.76,0.0,-4224.814,1162.501,-0.19756869999999999,3585.032,3584.834,5.405915e-5,0.01838453,0.017367,0.035751530000000004,0.010.050.055000.01.00.001
9.5e6,0.05001076,67.94737,-4852.931,0.0,-4230.7029999999995,1162.675,-0.19793719999999998,3596.887,3596.6899999999996,6.326199999999999e-5,0.018391379999999995,0.01736868,0.03576004000000001,0.010.050.055000.01.00.001
9.6e6,0.04997900000000001,67.67942000000001,-4857.464000000001,0.0,-4235.821,1161.9360000000001,-0.1983151,3609.5799999999995,3609.3820000000005,4.127739e-5,0.018389689999999997,0.01734986,0.03573954,0.010.050.055000.01.00.001
9.7e6,0.05000074,68.05993,-4861.439,0.0,-4239.065,1162.442,-0.1984916,3619.525,3619.326000000001,5.418560800000001e-5,0.018398239999999996,0.01736394,0.035762190000000006,0.010.050.055000.01.00.001
9.8e6,0.05000473,68.06805999999999,-4866.535000000001,0.0,-4244.173,1162.536,-0.19881529999999997,3630.693,3630.494,4.870905e-5,0.018401110000000005,0.01735982,0.03576091,0.010.050.055000.01.00.001
9.9e6,0.05000343,68.11698000000001,-4871.126000000001,0.0,-4248.525,1162.5049999999999,-0.1990981,3641.7560000000003,3641.558,4.790685e-5,0.018409429999999997,0.01736374,0.03577318,0.010.050.055000.01.00.001
1.0e7,0.04998651,68.11117,-4876.1630000000005,0.0,-4253.69,1162.1129999999998,-0.1994568,3653.8480000000004,3653.647,4.4909090000000006e-5,0.01839656,0.017368690000000003,0.03576522,0.010.050.055000.01.00.001
