poreDomain,histLength,phi,CL-Con,Temperature,damp,N_heat,N_isot,timeStep
0.0,0.0,0.01,0.05,0.05,1.0,500000.0,9.5e6,10000000
0.2,0.0,0.01,0.05,0.05,1.0,500000.0,9.5e6,10000000
0.4,0.0,0.01,0.05,0.05,1.0,500000.0,9.5e6,10000000
0.6,1.0,0.01,0.05,0.05,1.0,500000.0,9.5e6,10000000
0.8,0.0,0.01,0.05,0.05,1.0,500000.0,9.5e6,10000000
1.0,0.0,0.01,0.05,0.05,1.0,500000.0,9.5e6,10000000
1.2,0.0,0.01,0.05,0.05,1.0,500000.0,9.5e6,10000000
1.4,1.0,0.01,0.05,0.05,1.0,500000.0,9.5e6,10000000
1.6,0.0,0.01,0.05,0.05,1.0,500000.0,9.5e6,10000000
1.8,0.0,0.01,0.05,0.05,1.0,500000.0,9.5e6,10000000
2.0,1.0,0.01,0.05,0.05,1.0,500000.0,9.5e6,10000000
2.2,0.0,0.01,0.05,0.05,1.0,500000.0,9.5e6,10000000
2.4,0.0,0.01,0.05,0.05,1.0,500000.0,9.5e6,10000000
2.6,0.0,0.01,0.05,0.05,1.0,500000.0,9.5e6,10000000
2.8,0.0,0.01,0.05,0.05,1.0,500000.0,9.5e6,10000000
3.0,0.0,0.01,0.05,0.05,1.0,500000.0,9.5e6,10000000
3.2,1.0,0.01,0.05,0.05,1.0,500000.0,9.5e6,10000000
3.4,0.0,0.01,0.05,0.05,1.0,500000.0,9.5e6,10000000
3.6,0.0,0.01,0.05,0.05,1.0,500000.0,9.5e6,10000000
3.8,1.0,0.01,0.05,0.05,1.0,500000.0,9.5e6,10000000
4.0,0.0,0.01,0.05,0.05,1.0,500000.0,9.5e6,10000000
4.2,1.0,0.01,0.05,0.05,1.0,500000.0,9.5e6,10000000
4.4,1.0,0.01,0.05,0.05,1.0,500000.0,9.5e6,10000000
4.6,0.0,0.01,0.05,0.05,1.0,500000.0,9.5e6,10000000
4.8,0.0,0.01,0.05,0.05,1.0,500000.0,9.5e6,10000000
5.0,1.0,0.01,0.05,0.05,1.0,500000.0,9.5e6,10000000
5.2,0.0,0.01,0.05,0.05,1.0,500000.0,9.5e6,10000000
5.4,0.0,0.01,0.05,0.05,1.0,500000.0,9.5e6,10000000
5.6,0.0,0.01,0.05,0.05,1.0,500000.0,9.5e6,10000000
5.8,0.0,0.01,0.05,0.05,1.0,500000.0,9.5e6,10000000
6.0,0.0,0.01,0.05,0.05,1.0,500000.0,9.5e6,10000000
6.2,0.0,0.01,0.05,0.05,1.0,500000.0,9.5e6,10000000
6.4,0.0,0.01,0.05,0.05,1.0,500000.0,9.5e6,10000000
6.6,1.0,0.01,0.05,0.05,1.0,500000.0,9.5e6,10000000
6.8,0.0,0.01,0.05,0.05,1.0,500000.0,9.5e6,10000000
7.0,1.0,0.01,0.05,0.05,1.0,500000.0,9.5e6,10000000
7.2,0.0,0.01,0.05,0.05,1.0,500000.0,9.5e6,10000000
7.4,0.0,0.01,0.05,0.05,1.0,500000.0,9.5e6,10000000
7.6,0.0,0.01,0.05,0.05,1.0,500000.0,9.5e6,10000000
7.8,0.0,0.01,0.05,0.05,1.0,500000.0,9.5e6,10000000
8.0,0.0,0.01,0.05,0.05,1.0,500000.0,9.5e6,10000000
8.2,0.0,0.01,0.05,0.05,1.0,500000.0,9.5e6,10000000
8.4,1.0,0.01,0.05,0.05,1.0,500000.0,9.5e6,10000000
8.6,0.0,0.01,0.05,0.05,1.0,500000.0,9.5e6,10000000
8.8,0.0,0.01,0.05,0.05,1.0,500000.0,9.5e6,10000000
9.0,1.0,0.01,0.05,0.05,1.0,500000.0,9.5e6,10000000
9.2,0.0,0.01,0.05,0.05,1.0,500000.0,9.5e6,10000000
9.4,0.0,0.01,0.05,0.05,1.0,500000.0,9.5e6,10000000
9.6,0.0,0.01,0.05,0.05,1.0,500000.0,9.5e6,10000000
9.8,0.0,0.01,0.05,0.05,1.0,500000.0,9.5e6,10000000
10.0,1.0,0.01,0.05,0.05,1.0,500000.0,9.5e6,10000000
10.2,1.0,0.01,0.05,0.05,1.0,500000.0,9.5e6,10000000
10.4,1.0,0.01,0.05,0.05,1.0,500000.0,9.5e6,10000000
10.6,2.0,0.01,0.05,0.05,1.0,500000.0,9.5e6,10000000
10.8,2.0,0.01,0.05,0.05,1.0,500000.0,9.5e6,10000000
11.0,3.0,0.01,0.05,0.05,1.0,500000.0,9.5e6,10000000
11.2,1.0,0.01,0.05,0.05,1.0,500000.0,9.5e6,10000000
11.4,1.0,0.01,0.05,0.05,1.0,500000.0,9.5e6,10000000
11.6,1.0,0.01,0.05,0.05,1.0,500000.0,9.5e6,10000000
11.8,1.0,0.01,0.05,0.05,1.0,500000.0,9.5e6,10000000
12.0,0.0,0.01,0.05,0.05,1.0,500000.0,9.5e6,10000000
12.2,1.0,0.01,0.05,0.05,1.0,500000.0,9.5e6,10000000
12.4,0.0,0.01,0.05,0.05,1.0,500000.0,9.5e6,10000000
12.6,0.0,0.01,0.05,0.05,1.0,500000.0,9.5e6,10000000
12.8,0.0,0.01,0.05,0.05,1.0,500000.0,9.5e6,10000000
13.0,1.0,0.01,0.05,0.05,1.0,500000.0,9.5e6,10000000
13.2,2.0,0.01,0.05,0.05,1.0,500000.0,9.5e6,10000000
13.4,3.0,0.01,0.05,0.05,1.0,500000.0,9.5e6,10000000
13.6,1.0,0.01,0.05,0.05,1.0,500000.0,9.5e6,10000000
13.8,1.0,0.01,0.05,0.05,1.0,500000.0,9.5e6,10000000
14.0,1.0,0.01,0.05,0.05,1.0,500000.0,9.5e6,10000000
14.2,4.0,0.01,0.05,0.05,1.0,500000.0,9.5e6,10000000
14.4,2.0,0.01,0.05,0.05,1.0,500000.0,9.5e6,10000000
14.6,2.0,0.01,0.05,0.05,1.0,500000.0,9.5e6,10000000
14.8,2.0,0.01,0.05,0.05,1.0,500000.0,9.5e6,10000000
15.0,3.0,0.01,0.05,0.05,1.0,500000.0,9.5e6,10000000
15.2,0.0,0.01,0.05,0.05,1.0,500000.0,9.5e6,10000000
15.4,0.0,0.01,0.05,0.05,1.0,500000.0,9.5e6,10000000
15.6,2.0,0.01,0.05,0.05,1.0,500000.0,9.5e6,10000000
15.8,4.0,0.01,0.05,0.05,1.0,500000.0,9.5e6,10000000
16.0,3.0,0.01,0.05,0.05,1.0,500000.0,9.5e6,10000000
16.2,4.0,0.01,0.05,0.05,1.0,500000.0,9.5e6,10000000
16.4,2.0,0.01,0.05,0.05,1.0,500000.0,9.5e6,10000000
16.6,1.0,0.01,0.05,0.05,1.0,500000.0,9.5e6,10000000
16.8,2.0,0.01,0.05,0.05,1.0,500000.0,9.5e6,10000000
17.0,4.0,0.01,0.05,0.05,1.0,500000.0,9.5e6,10000000
17.2,3.0,0.01,0.05,0.05,1.0,500000.0,9.5e6,10000000
17.4,3.0,0.01,0.05,0.05,1.0,500000.0,9.5e6,10000000
17.6,5.0,0.01,0.05,0.05,1.0,500000.0,9.5e6,10000000
17.8,0.0,0.01,0.05,0.05,1.0,500000.0,9.5e6,10000000
18.0,4.0,0.01,0.05,0.05,1.0,500000.0,9.5e6,10000000
18.2,4.0,0.01,0.05,0.05,1.0,500000.0,9.5e6,10000000
18.4,2.0,0.01,0.05,0.05,1.0,500000.0,9.5e6,10000000
18.6,4.0,0.01,0.05,0.05,1.0,500000.0,9.5e6,10000000
18.8,7.0,0.01,0.05,0.05,1.0,500000.0,9.5e6,10000000
19.0,2.0,0.01,0.05,0.05,1.0,500000.0,9.5e6,10000000
19.2,5.0,0.01,0.05,0.05,1.0,500000.0,9.5e6,10000000
19.4,2.0,0.01,0.05,0.05,1.0,500000.0,9.5e6,10000000
19.6,2.0,0.01,0.05,0.05,1.0,500000.0,9.5e6,10000000
19.8,2.0,0.01,0.05,0.05,1.0,500000.0,9.5e6,10000000
20.0,2.0,0.01,0.05,0.05,1.0,500000.0,9.5e6,10000000
20.2,5.0,0.01,0.05,0.05,1.0,500000.0,9.5e6,10000000
20.4,4.0,0.01,0.05,0.05,1.0,500000.0,9.5e6,10000000
20.6,1.0,0.01,0.05,0.05,1.0,500000.0,9.5e6,10000000
20.8,5.0,0.01,0.05,0.05,1.0,500000.0,9.5e6,10000000
21.0,2.0,0.01,0.05,0.05,1.0,500000.0,9.5e6,10000000
21.2,2.0,0.01,0.05,0.05,1.0,500000.0,9.5e6,10000000
21.4,4.0,0.01,0.05,0.05,1.0,500000.0,9.5e6,10000000
21.6,6.0,0.01,0.05,0.05,1.0,500000.0,9.5e6,10000000
21.8,4.0,0.01,0.05,0.05,1.0,500000.0,9.5e6,10000000
22.0,6.0,0.01,0.05,0.05,1.0,500000.0,9.5e6,10000000
22.2,3.0,0.01,0.05,0.05,1.0,500000.0,9.5e6,10000000
22.4,4.0,0.01,0.05,0.05,1.0,500000.0,9.5e6,10000000
22.6,7.0,0.01,0.05,0.05,1.0,500000.0,9.5e6,10000000
22.8,6.0,0.01,0.05,0.05,1.0,500000.0,9.5e6,10000000
23.0,3.0,0.01,0.05,0.05,1.0,500000.0,9.5e6,10000000
23.2,6.0,0.01,0.05,0.05,1.0,500000.0,9.5e6,10000000
23.4,8.0,0.01,0.05,0.05,1.0,500000.0,9.5e6,10000000
23.6,3.0,0.01,0.05,0.05,1.0,500000.0,9.5e6,10000000
23.8,5.0,0.01,0.05,0.05,1.0,500000.0,9.5e6,10000000
24.0,3.0,0.01,0.05,0.05,1.0,500000.0,9.5e6,10000000
24.2,3.0,0.01,0.05,0.05,1.0,500000.0,9.5e6,10000000
24.4,8.0,0.01,0.05,0.05,1.0,500000.0,9.5e6,10000000
24.6,7.0,0.01,0.05,0.05,1.0,500000.0,9.5e6,10000000
24.8,9.0,0.01,0.05,0.05,1.0,500000.0,9.5e6,10000000
25.0,7.0,0.01,0.05,0.05,1.0,500000.0,9.5e6,10000000
25.2,6.0,0.01,0.05,0.05,1.0,500000.0,9.5e6,10000000
25.4,4.0,0.01,0.05,0.05,1.0,500000.0,9.5e6,10000000
25.6,8.0,0.01,0.05,0.05,1.0,500000.0,9.5e6,10000000
25.8,6.0,0.01,0.05,0.05,1.0,500000.0,9.5e6,10000000
26.0,6.0,0.01,0.05,0.05,1.0,500000.0,9.5e6,10000000
26.2,3.0,0.01,0.05,0.05,1.0,500000.0,9.5e6,10000000
26.4,3.0,0.01,0.05,0.05,1.0,500000.0,9.5e6,10000000
26.6,7.0,0.01,0.05,0.05,1.0,500000.0,9.5e6,10000000
26.8,9.0,0.01,0.05,0.05,1.0,500000.0,9.5e6,10000000
27.0,7.0,0.01,0.05,0.05,1.0,500000.0,9.5e6,10000000
27.2,10.0,0.01,0.05,0.05,1.0,500000.0,9.5e6,10000000
27.4,11.0,0.01,0.05,0.05,1.0,500000.0,9.5e6,10000000
27.6,7.0,0.01,0.05,0.05,1.0,500000.0,9.5e6,10000000
27.8,11.0,0.01,0.05,0.05,1.0,500000.0,9.5e6,10000000
28.0,5.0,0.01,0.05,0.05,1.0,500000.0,9.5e6,10000000
28.2,10.0,0.01,0.05,0.05,1.0,500000.0,9.5e6,10000000
28.4,10.0,0.01,0.05,0.05,1.0,500000.0,9.5e6,10000000
28.6,7.0,0.01,0.05,0.05,1.0,500000.0,9.5e6,10000000
28.8,7.0,0.01,0.05,0.05,1.0,500000.0,9.5e6,10000000
29.0,9.0,0.01,0.05,0.05,1.0,500000.0,9.5e6,10000000
29.2,7.0,0.01,0.05,0.05,1.0,500000.0,9.5e6,10000000
29.4,7.0,0.01,0.05,0.05,1.0,500000.0,9.5e6,10000000
29.6,14.0,0.01,0.05,0.05,1.0,500000.0,9.5e6,10000000
29.8,4.0,0.01,0.05,0.05,1.0,500000.0,9.5e6,10000000
30.0,11.0,0.01,0.05,0.05,1.0,500000.0,9.5e6,10000000
30.2,13.0,0.01,0.05,0.05,1.0,500000.0,9.5e6,10000000
30.4,6.0,0.01,0.05,0.05,1.0,500000.0,9.5e6,10000000
30.6,17.0,0.01,0.05,0.05,1.0,500000.0,9.5e6,10000000
30.8,6.0,0.01,0.05,0.05,1.0,500000.0,9.5e6,10000000
31.0,8.0,0.01,0.05,0.05,1.0,500000.0,9.5e6,10000000
31.2,13.0,0.01,0.05,0.05,1.0,500000.0,9.5e6,10000000
31.4,9.0,0.01,0.05,0.05,1.0,500000.0,9.5e6,10000000
31.6,12.0,0.01,0.05,0.05,1.0,500000.0,9.5e6,10000000
31.8,9.0,0.01,0.05,0.05,1.0,500000.0,9.5e6,10000000
32.0,5.0,0.01,0.05,0.05,1.0,500000.0,9.5e6,10000000
32.2,11.0,0.01,0.05,0.05,1.0,500000.0,9.5e6,10000000
32.4,13.0,0.01,0.05,0.05,1.0,500000.0,9.5e6,10000000
32.6,6.0,0.01,0.05,0.05,1.0,500000.0,9.5e6,10000000
32.8,6.0,0.01,0.05,0.05,1.0,500000.0,9.5e6,10000000
33.0,8.0,0.01,0.05,0.05,1.0,500000.0,9.5e6,10000000
33.2,8.0,0.01,0.05,0.05,1.0,500000.0,9.5e6,10000000
33.4,8.0,0.01,0.05,0.05,1.0,500000.0,9.5e6,10000000
33.6,5.0,0.01,0.05,0.05,1.0,500000.0,9.5e6,10000000
33.8,3.0,0.01,0.05,0.05,1.0,500000.0,9.5e6,10000000
34.0,5.0,0.01,0.05,0.05,1.0,500000.0,9.5e6,10000000
34.2,9.0,0.01,0.05,0.05,1.0,500000.0,9.5e6,10000000
34.4,12.0,0.01,0.05,0.05,1.0,500000.0,9.5e6,10000000
34.6,13.0,0.01,0.05,0.05,1.0,500000.0,9.5e6,10000000
34.8,11.0,0.01,0.05,0.05,1.0,500000.0,9.5e6,10000000
35.0,5.0,0.01,0.05,0.05,1.0,500000.0,9.5e6,10000000
35.2,13.0,0.01,0.05,0.05,1.0,500000.0,9.5e6,10000000
35.4,10.0,0.01,0.05,0.05,1.0,500000.0,9.5e6,10000000
35.6,7.0,0.01,0.05,0.05,1.0,500000.0,9.5e6,10000000
35.8,6.0,0.01,0.05,0.05,1.0,500000.0,9.5e6,10000000
36.0,10.0,0.01,0.05,0.05,1.0,500000.0,9.5e6,10000000
36.2,4.0,0.01,0.05,0.05,1.0,500000.0,9.5e6,10000000
36.4,6.0,0.01,0.05,0.05,1.0,500000.0,9.5e6,10000000
36.6,7.0,0.01,0.05,0.05,1.0,500000.0,9.5e6,10000000
36.8,9.0,0.01,0.05,0.05,1.0,500000.0,9.5e6,10000000
37.0,9.0,0.01,0.05,0.05,1.0,500000.0,9.5e6,10000000
37.2,10.0,0.01,0.05,0.05,1.0,500000.0,9.5e6,10000000
37.4,8.0,0.01,0.05,0.05,1.0,500000.0,9.5e6,10000000
37.6,9.0,0.01,0.05,0.05,1.0,500000.0,9.5e6,10000000
37.8,7.0,0.01,0.05,0.05,1.0,500000.0,9.5e6,10000000
38.0,11.0,0.01,0.05,0.05,1.0,500000.0,9.5e6,10000000
38.2,4.0,0.01,0.05,0.05,1.0,500000.0,9.5e6,10000000
38.4,10.0,0.01,0.05,0.05,1.0,500000.0,9.5e6,10000000
38.6,6.0,0.01,0.05,0.05,1.0,500000.0,9.5e6,10000000
38.8,4.0,0.01,0.05,0.05,1.0,500000.0,9.5e6,10000000
39.0,11.0,0.01,0.05,0.05,1.0,500000.0,9.5e6,10000000
39.2,7.0,0.01,0.05,0.05,1.0,500000.0,9.5e6,10000000
39.4,9.0,0.01,0.05,0.05,1.0,500000.0,9.5e6,10000000
39.6,5.0,0.01,0.05,0.05,1.0,500000.0,9.5e6,10000000
39.8,6.0,0.01,0.05,0.05,1.0,500000.0,9.5e6,10000000
40.0,9.0,0.01,0.05,0.05,1.0,500000.0,9.5e6,10000000
40.2,3.0,0.01,0.05,0.05,1.0,500000.0,9.5e6,10000000
40.4,2.0,0.01,0.05,0.05,1.0,500000.0,9.5e6,10000000
40.6,5.0,0.01,0.05,0.05,1.0,500000.0,9.5e6,10000000
40.8,6.0,0.01,0.05,0.05,1.0,500000.0,9.5e6,10000000
41.0,4.0,0.01,0.05,0.05,1.0,500000.0,9.5e6,10000000
41.2,6.0,0.01,0.05,0.05,1.0,500000.0,9.5e6,10000000
41.4,4.0,0.01,0.05,0.05,1.0,500000.0,9.5e6,10000000
41.6,7.0,0.01,0.05,0.05,1.0,500000.0,9.5e6,10000000
41.8,3.0,0.01,0.05,0.05,1.0,500000.0,9.5e6,10000000
42.0,8.0,0.01,0.05,0.05,1.0,500000.0,9.5e6,10000000
42.2,8.0,0.01,0.05,0.05,1.0,500000.0,9.5e6,10000000
42.4,4.0,0.01,0.05,0.05,1.0,500000.0,9.5e6,10000000
42.6,5.0,0.01,0.05,0.05,1.0,500000.0,9.5e6,10000000
42.8,7.0,0.01,0.05,0.05,1.0,500000.0,9.5e6,10000000
43.0,7.0,0.01,0.05,0.05,1.0,500000.0,9.5e6,10000000
43.2,0.0,0.01,0.05,0.05,1.0,500000.0,9.5e6,10000000
43.4,4.0,0.01,0.05,0.05,1.0,500000.0,9.5e6,10000000
43.6,4.0,0.01,0.05,0.05,1.0,500000.0,9.5e6,10000000
43.8,3.0,0.01,0.05,0.05,1.0,500000.0,9.5e6,10000000
44.0,9.0,0.01,0.05,0.05,1.0,500000.0,9.5e6,10000000
44.2,2.0,0.01,0.05,0.05,1.0,500000.0,9.5e6,10000000
44.4,3.0,0.01,0.05,0.05,1.0,500000.0,9.5e6,10000000
44.6,0.0,0.01,0.05,0.05,1.0,500000.0,9.5e6,10000000
44.8,4.0,0.01,0.05,0.05,1.0,500000.0,9.5e6,10000000
45.0,6.0,0.01,0.05,0.05,1.0,500000.0,9.5e6,10000000
45.2,2.0,0.01,0.05,0.05,1.0,500000.0,9.5e6,10000000
45.4,2.0,0.01,0.05,0.05,1.0,500000.0,9.5e6,10000000
45.6,3.0,0.01,0.05,0.05,1.0,500000.0,9.5e6,10000000
45.8,1.0,0.01,0.05,0.05,1.0,500000.0,9.5e6,10000000
46.0,0.0,0.01,0.05,0.05,1.0,500000.0,9.5e6,10000000
46.2,2.0,0.01,0.05,0.05,1.0,500000.0,9.5e6,10000000
46.4,1.0,0.01,0.05,0.05,1.0,500000.0,9.5e6,10000000
46.6,3.0,0.01,0.05,0.05,1.0,500000.0,9.5e6,10000000
46.8,2.0,0.01,0.05,0.05,1.0,500000.0,9.5e6,10000000
47.0,1.0,0.01,0.05,0.05,1.0,500000.0,9.5e6,10000000
47.2,3.0,0.01,0.05,0.05,1.0,500000.0,9.5e6,10000000
47.4,3.0,0.01,0.05,0.05,1.0,500000.0,9.5e6,10000000
47.6,0.0,0.01,0.05,0.05,1.0,500000.0,9.5e6,10000000
47.8,1.0,0.01,0.05,0.05,1.0,500000.0,9.5e6,10000000
48.0,0.0,0.01,0.05,0.05,1.0,500000.0,9.5e6,10000000
48.2,2.0,0.01,0.05,0.05,1.0,500000.0,9.5e6,10000000
48.4,2.0,0.01,0.05,0.05,1.0,500000.0,9.5e6,10000000
48.6,1.0,0.01,0.05,0.05,1.0,500000.0,9.5e6,10000000
48.8,1.0,0.01,0.05,0.05,1.0,500000.0,9.5e6,10000000
49.0,0.0,0.01,0.05,0.05,1.0,500000.0,9.5e6,10000000
49.2,2.0,0.01,0.05,0.05,1.0,500000.0,9.5e6,10000000
49.4,2.0,0.01,0.05,0.05,1.0,500000.0,9.5e6,10000000
49.6,1.0,0.01,0.05,0.05,1.0,500000.0,9.5e6,10000000
49.8,2.0,0.01,0.05,0.05,1.0,500000.0,9.5e6,10000000
50.0,0.0,0.01,0.05,0.05,1.0,500000.0,9.5e6,10000000
50.2,0.0,0.01,0.05,0.05,1.0,500000.0,9.5e6,10000000
50.4,0.0,0.01,0.05,0.05,1.0,500000.0,9.5e6,10000000
50.6,1.0,0.01,0.05,0.05,1.0,500000.0,9.5e6,10000000
50.8,0.0,0.01,0.05,0.05,1.0,500000.0,9.5e6,10000000
51.0,0.0,0.01,0.05,0.05,1.0,500000.0,9.5e6,10000000
51.2,0.0,0.01,0.05,0.05,1.0,500000.0,9.5e6,10000000
51.4,1.0,0.01,0.05,0.05,1.0,500000.0,9.5e6,10000000
51.6,1.0,0.01,0.05,0.05,1.0,500000.0,9.5e6,10000000
51.8,1.0,0.01,0.05,0.05,1.0,500000.0,9.5e6,10000000
52.0,0.0,0.01,0.05,0.05,1.0,500000.0,9.5e6,10000000
52.2,0.0,0.01,0.05,0.05,1.0,500000.0,9.5e6,10000000
52.4,0.0,0.01,0.05,0.05,1.0,500000.0,9.5e6,10000000
52.6,0.0,0.01,0.05,0.05,1.0,500000.0,9.5e6,10000000
52.8,0.0,0.01,0.05,0.05,1.0,500000.0,9.5e6,10000000
53.0,0.0,0.01,0.05,0.05,1.0,500000.0,9.5e6,10000000
53.2,0.0,0.01,0.05,0.05,1.0,500000.0,9.5e6,10000000
53.4,0.0,0.01,0.05,0.05,1.0,500000.0,9.5e6,10000000
53.6,0.0,0.01,0.05,0.05,1.0,500000.0,9.5e6,10000000
53.8,0.0,0.01,0.05,0.05,1.0,500000.0,9.5e6,10000000
54.0,0.0,0.01,0.05,0.05,1.0,500000.0,9.5e6,10000000
54.2,0.0,0.01,0.05,0.05,1.0,500000.0,9.5e6,10000000
54.4,0.0,0.01,0.05,0.05,1.0,500000.0,9.5e6,10000000
54.6,0.0,0.01,0.05,0.05,1.0,500000.0,9.5e6,10000000
54.8,0.0,0.01,0.05,0.05,1.0,500000.0,9.5e6,10000000
55.0,0.0,0.01,0.05,0.05,1.0,500000.0,9.5e6,10000000
55.2,0.0,0.01,0.05,0.05,1.0,500000.0,9.5e6,10000000
55.4,0.0,0.01,0.05,0.05,1.0,500000.0,9.5e6,10000000
55.6,0.0,0.01,0.05,0.05,1.0,500000.0,9.5e6,10000000
55.8,0.0,0.01,0.05,0.05,1.0,500000.0,9.5e6,10000000
56.0,0.0,0.01,0.05,0.05,1.0,500000.0,9.5e6,10000000
56.2,0.0,0.01,0.05,0.05,1.0,500000.0,9.5e6,10000000
56.4,0.0,0.01,0.05,0.05,1.0,500000.0,9.5e6,10000000
56.6,0.0,0.01,0.05,0.05,1.0,500000.0,9.5e6,10000000
56.8,0.0,0.01,0.05,0.05,1.0,500000.0,9.5e6,10000000
57.0,0.0,0.01,0.05,0.05,1.0,500000.0,9.5e6,10000000
57.2,0.0,0.01,0.05,0.05,1.0,500000.0,9.5e6,10000000
57.4,0.0,0.01,0.05,0.05,1.0,500000.0,9.5e6,10000000
57.6,0.0,0.01,0.05,0.05,1.0,500000.0,9.5e6,10000000
57.8,0.0,0.01,0.05,0.05,1.0,500000.0,9.5e6,10000000
58.0,0.0,0.01,0.05,0.05,1.0,500000.0,9.5e6,10000000
58.2,0.0,0.01,0.05,0.05,1.0,500000.0,9.5e6,10000000
58.4,0.0,0.01,0.05,0.05,1.0,500000.0,9.5e6,10000000
58.6,0.0,0.01,0.05,0.05,1.0,500000.0,9.5e6,10000000
58.8,0.0,0.01,0.05,0.05,1.0,500000.0,9.5e6,10000000
59.0,0.0,0.01,0.05,0.05,1.0,500000.0,9.5e6,10000000
59.2,0.0,0.01,0.05,0.05,1.0,500000.0,9.5e6,10000000
59.4,0.0,0.01,0.05,0.05,1.0,500000.0,9.5e6,10000000
59.6,0.0,0.01,0.05,0.05,1.0,500000.0,9.5e6,10000000
59.8,0.0,0.01,0.05,0.05,1.0,500000.0,9.5e6,10000000
60.0,0.0,0.01,0.05,0.05,1.0,500000.0,9.5e6,10000000
60.2,0.0,0.01,0.05,0.05,1.0,500000.0,9.5e6,10000000
60.4,0.0,0.01,0.05,0.05,1.0,500000.0,9.5e6,10000000
60.6,0.0,0.01,0.05,0.05,1.0,500000.0,9.5e6,10000000
60.8,0.0,0.01,0.05,0.05,1.0,500000.0,9.5e6,10000000
61.0,0.0,0.01,0.05,0.05,1.0,500000.0,9.5e6,10000000
61.2,0.0,0.01,0.05,0.05,1.0,500000.0,9.5e6,10000000
61.4,0.0,0.01,0.05,0.05,1.0,500000.0,9.5e6,10000000
61.6,0.0,0.01,0.05,0.05,1.0,500000.0,9.5e6,10000000
61.8,0.0,0.01,0.05,0.05,1.0,500000.0,9.5e6,10000000
62.0,0.0,0.01,0.05,0.05,1.0,500000.0,9.5e6,10000000
62.2,0.0,0.01,0.05,0.05,1.0,500000.0,9.5e6,10000000
62.4,0.0,0.01,0.05,0.05,1.0,500000.0,9.5e6,10000000
62.6,0.0,0.01,0.05,0.05,1.0,500000.0,9.5e6,10000000
62.8,0.0,0.01,0.05,0.05,1.0,500000.0,9.5e6,10000000
63.0,0.0,0.01,0.05,0.05,1.0,500000.0,9.5e6,10000000
63.2,0.0,0.01,0.05,0.05,1.0,500000.0,9.5e6,10000000
63.4,0.0,0.01,0.05,0.05,1.0,500000.0,9.5e6,10000000
63.6,0.0,0.01,0.05,0.05,1.0,500000.0,9.5e6,10000000
63.8,0.0,0.01,0.05,0.05,1.0,500000.0,9.5e6,10000000
64.0,0.0,0.01,0.05,0.05,1.0,500000.0,9.5e6,10000000
64.2,0.0,0.01,0.05,0.05,1.0,500000.0,9.5e6,10000000
64.4,0.0,0.01,0.05,0.05,1.0,500000.0,9.5e6,10000000
64.6,0.0,0.01,0.05,0.05,1.0,500000.0,9.5e6,10000000
64.8,0.0,0.01,0.05,0.05,1.0,500000.0,9.5e6,10000000
65.0,0.0,0.01,0.05,0.05,1.0,500000.0,9.5e6,10000000
65.2,0.0,0.01,0.05,0.05,1.0,500000.0,9.5e6,10000000
65.4,0.0,0.01,0.05,0.05,1.0,500000.0,9.5e6,10000000
65.6,0.0,0.01,0.05,0.05,1.0,500000.0,9.5e6,10000000
65.8,0.0,0.01,0.05,0.05,1.0,500000.0,9.5e6,10000000
66.0,0.0,0.01,0.05,0.05,1.0,500000.0,9.5e6,10000000
66.2,0.0,0.01,0.05,0.05,1.0,500000.0,9.5e6,10000000
66.4,0.0,0.01,0.05,0.05,1.0,500000.0,9.5e6,10000000
66.6,0.0,0.01,0.05,0.05,1.0,500000.0,9.5e6,10000000
66.8,0.0,0.01,0.05,0.05,1.0,500000.0,9.5e6,10000000
67.0,0.0,0.01,0.05,0.05,1.0,500000.0,9.5e6,10000000
67.2,0.0,0.01,0.05,0.05,1.0,500000.0,9.5e6,10000000
67.4,0.0,0.01,0.05,0.05,1.0,500000.0,9.5e6,10000000
67.6,0.0,0.01,0.05,0.05,1.0,500000.0,9.5e6,10000000
67.8,0.0,0.01,0.05,0.05,1.0,500000.0,9.5e6,10000000
68.0,0.0,0.01,0.05,0.05,1.0,500000.0,9.5e6,10000000
68.2,0.0,0.01,0.05,0.05,1.0,500000.0,9.5e6,10000000
68.4,0.0,0.01,0.05,0.05,1.0,500000.0,9.5e6,10000000
68.6,0.0,0.01,0.05,0.05,1.0,500000.0,9.5e6,10000000
68.8,0.0,0.01,0.05,0.05,1.0,500000.0,9.5e6,10000000
69.0,0.0,0.01,0.05,0.05,1.0,500000.0,9.5e6,10000000
69.2,0.0,0.01,0.05,0.05,1.0,500000.0,9.5e6,10000000
69.4,0.0,0.01,0.05,0.05,1.0,500000.0,9.5e6,10000000
69.6,0.0,0.01,0.05,0.05,1.0,500000.0,9.5e6,10000000
69.8,0.0,0.01,0.05,0.05,1.0,500000.0,9.5e6,10000000
70.0,0.0,0.01,0.05,0.05,1.0,500000.0,9.5e6,10000000
70.2,0.0,0.01,0.05,0.05,1.0,500000.0,9.5e6,10000000
70.4,0.0,0.01,0.05,0.05,1.0,500000.0,9.5e6,10000000
70.6,0.0,0.01,0.05,0.05,1.0,500000.0,9.5e6,10000000
70.8,0.0,0.01,0.05,0.05,1.0,500000.0,9.5e6,10000000
71.0,0.0,0.01,0.05,0.05,1.0,500000.0,9.5e6,10000000
71.2,0.0,0.01,0.05,0.05,1.0,500000.0,9.5e6,10000000
71.4,0.0,0.01,0.05,0.05,1.0,500000.0,9.5e6,10000000
71.6,0.0,0.01,0.05,0.05,1.0,500000.0,9.5e6,10000000
71.8,0.0,0.01,0.05,0.05,1.0,500000.0,9.5e6,10000000
72.0,0.0,0.01,0.05,0.05,1.0,500000.0,9.5e6,10000000
72.2,0.0,0.01,0.05,0.05,1.0,500000.0,9.5e6,10000000
72.4,0.0,0.01,0.05,0.05,1.0,500000.0,9.5e6,10000000
72.6,0.0,0.01,0.05,0.05,1.0,500000.0,9.5e6,10000000
72.8,0.0,0.01,0.05,0.05,1.0,500000.0,9.5e6,10000000
73.0,0.0,0.01,0.05,0.05,1.0,500000.0,9.5e6,10000000
73.2,0.0,0.01,0.05,0.05,1.0,500000.0,9.5e6,10000000
73.4,0.0,0.01,0.05,0.05,1.0,500000.0,9.5e6,10000000
73.6,0.0,0.01,0.05,0.05,1.0,500000.0,9.5e6,10000000
73.8,0.0,0.01,0.05,0.05,1.0,500000.0,9.5e6,10000000
74.0,0.0,0.01,0.05,0.05,1.0,500000.0,9.5e6,10000000
74.2,0.0,0.01,0.05,0.05,1.0,500000.0,9.5e6,10000000
74.4,0.0,0.01,0.05,0.05,1.0,500000.0,9.5e6,10000000
74.6,0.0,0.01,0.05,0.05,1.0,500000.0,9.5e6,10000000
74.8,0.0,0.01,0.05,0.05,1.0,500000.0,9.5e6,10000000
75.0,0.0,0.01,0.05,0.05,1.0,500000.0,9.5e6,10000000
75.2,0.0,0.01,0.05,0.05,1.0,500000.0,9.5e6,10000000
75.4,0.0,0.01,0.05,0.05,1.0,500000.0,9.5e6,10000000
75.6,0.0,0.01,0.05,0.05,1.0,500000.0,9.5e6,10000000
75.8,0.0,0.01,0.05,0.05,1.0,500000.0,9.5e6,10000000
76.0,0.0,0.01,0.05,0.05,1.0,500000.0,9.5e6,10000000
76.2,0.0,0.01,0.05,0.05,1.0,500000.0,9.5e6,10000000
76.4,0.0,0.01,0.05,0.05,1.0,500000.0,9.5e6,10000000
76.6,0.0,0.01,0.05,0.05,1.0,500000.0,9.5e6,10000000
76.8,0.0,0.01,0.05,0.05,1.0,500000.0,9.5e6,10000000
77.0,0.0,0.01,0.05,0.05,1.0,500000.0,9.5e6,10000000
77.2,0.0,0.01,0.05,0.05,1.0,500000.0,9.5e6,10000000
77.4,0.0,0.01,0.05,0.05,1.0,500000.0,9.5e6,10000000
77.6,0.0,0.01,0.05,0.05,1.0,500000.0,9.5e6,10000000
77.8,0.0,0.01,0.05,0.05,1.0,500000.0,9.5e6,10000000
78.0,0.0,0.01,0.05,0.05,1.0,500000.0,9.5e6,10000000
78.2,0.0,0.01,0.05,0.05,1.0,500000.0,9.5e6,10000000
78.4,0.0,0.01,0.05,0.05,1.0,500000.0,9.5e6,10000000
78.6,0.0,0.01,0.05,0.05,1.0,500000.0,9.5e6,10000000
78.8,0.0,0.01,0.05,0.05,1.0,500000.0,9.5e6,10000000
79.0,0.0,0.01,0.05,0.05,1.0,500000.0,9.5e6,10000000
79.2,0.0,0.01,0.05,0.05,1.0,500000.0,9.5e6,10000000
79.4,0.0,0.01,0.05,0.05,1.0,500000.0,9.5e6,10000000
79.6,0.0,0.01,0.05,0.05,1.0,500000.0,9.5e6,10000000
79.8,0.0,0.01,0.05,0.05,1.0,500000.0,9.5e6,10000000
80.0,0.0,0.01,0.05,0.05,1.0,500000.0,9.5e6,10000000
80.2,0.0,0.01,0.05,0.05,1.0,500000.0,9.5e6,10000000
80.4,0.0,0.01,0.05,0.05,1.0,500000.0,9.5e6,10000000
80.6,0.0,0.01,0.05,0.05,1.0,500000.0,9.5e6,10000000
80.8,0.0,0.01,0.05,0.05,1.0,500000.0,9.5e6,10000000
81.0,0.0,0.01,0.05,0.05,1.0,500000.0,9.5e6,10000000
81.2,0.0,0.01,0.05,0.05,1.0,500000.0,9.5e6,10000000
81.4,0.0,0.01,0.05,0.05,1.0,500000.0,9.5e6,10000000
81.6,0.0,0.01,0.05,0.05,1.0,500000.0,9.5e6,10000000
81.8,0.0,0.01,0.05,0.05,1.0,500000.0,9.5e6,10000000
82.0,0.0,0.01,0.05,0.05,1.0,500000.0,9.5e6,10000000
82.2,0.0,0.01,0.05,0.05,1.0,500000.0,9.5e6,10000000
82.4,0.0,0.01,0.05,0.05,1.0,500000.0,9.5e6,10000000
82.6,0.0,0.01,0.05,0.05,1.0,500000.0,9.5e6,10000000
82.8,0.0,0.01,0.05,0.05,1.0,500000.0,9.5e6,10000000
83.0,0.0,0.01,0.05,0.05,1.0,500000.0,9.5e6,10000000
83.2,0.0,0.01,0.05,0.05,1.0,500000.0,9.5e6,10000000
83.4,0.0,0.01,0.05,0.05,1.0,500000.0,9.5e6,10000000
83.6,0.0,0.01,0.05,0.05,1.0,500000.0,9.5e6,10000000
83.8,0.0,0.01,0.05,0.05,1.0,500000.0,9.5e6,10000000
84.0,0.0,0.01,0.05,0.05,1.0,500000.0,9.5e6,10000000
84.2,0.0,0.01,0.05,0.05,1.0,500000.0,9.5e6,10000000
84.4,0.0,0.01,0.05,0.05,1.0,500000.0,9.5e6,10000000
84.6,0.0,0.01,0.05,0.05,1.0,500000.0,9.5e6,10000000
84.8,0.0,0.01,0.05,0.05,1.0,500000.0,9.5e6,10000000
85.0,0.0,0.01,0.05,0.05,1.0,500000.0,9.5e6,10000000
85.2,0.0,0.01,0.05,0.05,1.0,500000.0,9.5e6,10000000
85.4,0.0,0.01,0.05,0.05,1.0,500000.0,9.5e6,10000000
85.6,0.0,0.01,0.05,0.05,1.0,500000.0,9.5e6,10000000
85.8,0.0,0.01,0.05,0.05,1.0,500000.0,9.5e6,10000000
86.0,0.0,0.01,0.05,0.05,1.0,500000.0,9.5e6,10000000
86.2,0.0,0.01,0.05,0.05,1.0,500000.0,9.5e6,10000000
86.4,0.0,0.01,0.05,0.05,1.0,500000.0,9.5e6,10000000
86.6,0.0,0.01,0.05,0.05,1.0,500000.0,9.5e6,10000000
86.8,0.0,0.01,0.05,0.05,1.0,500000.0,9.5e6,10000000
87.0,0.0,0.01,0.05,0.05,1.0,500000.0,9.5e6,10000000
87.2,0.0,0.01,0.05,0.05,1.0,500000.0,9.5e6,10000000
87.4,0.0,0.01,0.05,0.05,1.0,500000.0,9.5e6,10000000
87.6,0.0,0.01,0.05,0.05,1.0,500000.0,9.5e6,10000000
87.8,0.0,0.01,0.05,0.05,1.0,500000.0,9.5e6,10000000
88.0,0.0,0.01,0.05,0.05,1.0,500000.0,9.5e6,10000000
88.2,0.0,0.01,0.05,0.05,1.0,500000.0,9.5e6,10000000
88.4,0.0,0.01,0.05,0.05,1.0,500000.0,9.5e6,10000000
88.6,0.0,0.01,0.05,0.05,1.0,500000.0,9.5e6,10000000
88.8,0.0,0.01,0.05,0.05,1.0,500000.0,9.5e6,10000000
89.0,0.0,0.01,0.05,0.05,1.0,500000.0,9.5e6,10000000
89.2,0.0,0.01,0.05,0.05,1.0,500000.0,9.5e6,10000000
89.4,0.0,0.01,0.05,0.05,1.0,500000.0,9.5e6,10000000
89.6,0.0,0.01,0.05,0.05,1.0,500000.0,9.5e6,10000000
89.8,0.0,0.01,0.05,0.05,1.0,500000.0,9.5e6,10000000
90.0,0.0,0.01,0.05,0.05,1.0,500000.0,9.5e6,10000000
90.2,0.0,0.01,0.05,0.05,1.0,500000.0,9.5e6,10000000
90.4,0.0,0.01,0.05,0.05,1.0,500000.0,9.5e6,10000000
90.6,0.0,0.01,0.05,0.05,1.0,500000.0,9.5e6,10000000
90.8,0.0,0.01,0.05,0.05,1.0,500000.0,9.5e6,10000000
91.0,0.0,0.01,0.05,0.05,1.0,500000.0,9.5e6,10000000
91.2,0.0,0.01,0.05,0.05,1.0,500000.0,9.5e6,10000000
91.4,0.0,0.01,0.05,0.05,1.0,500000.0,9.5e6,10000000
91.6,0.0,0.01,0.05,0.05,1.0,500000.0,9.5e6,10000000
91.8,0.0,0.01,0.05,0.05,1.0,500000.0,9.5e6,10000000
92.0,0.0,0.01,0.05,0.05,1.0,500000.0,9.5e6,10000000
92.2,0.0,0.01,0.05,0.05,1.0,500000.0,9.5e6,10000000
92.4,0.0,0.01,0.05,0.05,1.0,500000.0,9.5e6,10000000
92.6,0.0,0.01,0.05,0.05,1.0,500000.0,9.5e6,10000000
92.8,0.0,0.01,0.05,0.05,1.0,500000.0,9.5e6,10000000
93.0,0.0,0.01,0.05,0.05,1.0,500000.0,9.5e6,10000000
93.2,0.0,0.01,0.05,0.05,1.0,500000.0,9.5e6,10000000
93.4,0.0,0.01,0.05,0.05,1.0,500000.0,9.5e6,10000000
93.6,0.0,0.01,0.05,0.05,1.0,500000.0,9.5e6,10000000
93.8,0.0,0.01,0.05,0.05,1.0,500000.0,9.5e6,10000000
94.0,0.0,0.01,0.05,0.05,1.0,500000.0,9.5e6,10000000
94.2,0.0,0.01,0.05,0.05,1.0,500000.0,9.5e6,10000000
94.4,0.0,0.01,0.05,0.05,1.0,500000.0,9.5e6,10000000
94.6,0.0,0.01,0.05,0.05,1.0,500000.0,9.5e6,10000000
94.8,0.0,0.01,0.05,0.05,1.0,500000.0,9.5e6,10000000
95.0,0.0,0.01,0.05,0.05,1.0,500000.0,9.5e6,10000000
95.2,0.0,0.01,0.05,0.05,1.0,500000.0,9.5e6,10000000
95.4,0.0,0.01,0.05,0.05,1.0,500000.0,9.5e6,10000000
95.6,0.0,0.01,0.05,0.05,1.0,500000.0,9.5e6,10000000
95.8,0.0,0.01,0.05,0.05,1.0,500000.0,9.5e6,10000000
96.0,0.0,0.01,0.05,0.05,1.0,500000.0,9.5e6,10000000
96.2,0.0,0.01,0.05,0.05,1.0,500000.0,9.5e6,10000000
96.4,0.0,0.01,0.05,0.05,1.0,500000.0,9.5e6,10000000
96.6,0.0,0.01,0.05,0.05,1.0,500000.0,9.5e6,10000000
96.8,0.0,0.01,0.05,0.05,1.0,500000.0,9.5e6,10000000
97.0,0.0,0.01,0.05,0.05,1.0,500000.0,9.5e6,10000000
97.2,0.0,0.01,0.05,0.05,1.0,500000.0,9.5e6,10000000
97.4,0.0,0.01,0.05,0.05,1.0,500000.0,9.5e6,10000000
97.6,0.0,0.01,0.05,0.05,1.0,500000.0,9.5e6,10000000
97.8,0.0,0.01,0.05,0.05,1.0,500000.0,9.5e6,10000000
98.0,0.0,0.01,0.05,0.05,1.0,500000.0,9.5e6,10000000
98.2,0.0,0.01,0.05,0.05,1.0,500000.0,9.5e6,10000000
98.4,0.0,0.01,0.05,0.05,1.0,500000.0,9.5e6,10000000
98.6,0.0,0.01,0.05,0.05,1.0,500000.0,9.5e6,10000000
98.8,0.0,0.01,0.05,0.05,1.0,500000.0,9.5e6,10000000
99.0,0.0,0.01,0.05,0.05,1.0,500000.0,9.5e6,10000000
99.2,0.0,0.01,0.05,0.05,1.0,500000.0,9.5e6,10000000
99.4,0.0,0.01,0.05,0.05,1.0,500000.0,9.5e6,10000000
99.6,0.0,0.01,0.05,0.05,1.0,500000.0,9.5e6,10000000
99.8,0.0,0.01,0.05,0.05,1.0,500000.0,9.5e6,10000000
100.0,0.0,0.01,0.05,0.05,1.0,500000.0,9.5e6,10000000
100.2,0.0,0.01,0.05,0.05,1.0,500000.0,9.5e6,10000000
100.4,0.0,0.01,0.05,0.05,1.0,500000.0,9.5e6,10000000
100.6,0.0,0.01,0.05,0.05,1.0,500000.0,9.5e6,10000000
100.8,0.0,0.01,0.05,0.05,1.0,500000.0,9.5e6,10000000
101.0,0.0,0.01,0.05,0.05,1.0,500000.0,9.5e6,10000000
101.2,0.0,0.01,0.05,0.05,1.0,500000.0,9.5e6,10000000
101.4,0.0,0.01,0.05,0.05,1.0,500000.0,9.5e6,10000000
101.6,0.0,0.01,0.05,0.05,1.0,500000.0,9.5e6,10000000
101.8,0.0,0.01,0.05,0.05,1.0,500000.0,9.5e6,10000000
102.0,0.0,0.01,0.05,0.05,1.0,500000.0,9.5e6,10000000
102.2,0.0,0.01,0.05,0.05,1.0,500000.0,9.5e6,10000000
102.4,0.0,0.01,0.05,0.05,1.0,500000.0,9.5e6,10000000
102.6,0.0,0.01,0.05,0.05,1.0,500000.0,9.5e6,10000000
102.8,0.0,0.01,0.05,0.05,1.0,500000.0,9.5e6,10000000
103.0,0.0,0.01,0.05,0.05,1.0,500000.0,9.5e6,10000000
103.2,0.0,0.01,0.05,0.05,1.0,500000.0,9.5e6,10000000
103.4,0.0,0.01,0.05,0.05,1.0,500000.0,9.5e6,10000000
103.6,0.0,0.01,0.05,0.05,1.0,500000.0,9.5e6,10000000
103.8,0.0,0.01,0.05,0.05,1.0,500000.0,9.5e6,10000000
104.0,0.0,0.01,0.05,0.05,1.0,500000.0,9.5e6,10000000
104.2,0.0,0.01,0.05,0.05,1.0,500000.0,9.5e6,10000000
104.4,0.0,0.01,0.05,0.05,1.0,500000.0,9.5e6,10000000
104.6,0.0,0.01,0.05,0.05,1.0,500000.0,9.5e6,10000000
104.8,0.0,0.01,0.05,0.05,1.0,500000.0,9.5e6,10000000
105.0,0.0,0.01,0.05,0.05,1.0,500000.0,9.5e6,10000000
105.2,0.0,0.01,0.05,0.05,1.0,500000.0,9.5e6,10000000
105.4,0.0,0.01,0.05,0.05,1.0,500000.0,9.5e6,10000000
105.6,0.0,0.01,0.05,0.05,1.0,500000.0,9.5e6,10000000
105.8,0.0,0.01,0.05,0.05,1.0,500000.0,9.5e6,10000000
106.0,0.0,0.01,0.05,0.05,1.0,500000.0,9.5e6,10000000
106.2,0.0,0.01,0.05,0.05,1.0,500000.0,9.5e6,10000000
106.4,0.0,0.01,0.05,0.05,1.0,500000.0,9.5e6,10000000
106.6,0.0,0.01,0.05,0.05,1.0,500000.0,9.5e6,10000000
106.8,0.0,0.01,0.05,0.05,1.0,500000.0,9.5e6,10000000
107.0,0.0,0.01,0.05,0.05,1.0,500000.0,9.5e6,10000000
107.2,0.0,0.01,0.05,0.05,1.0,500000.0,9.5e6,10000000
107.4,0.0,0.01,0.05,0.05,1.0,500000.0,9.5e6,10000000
107.6,0.0,0.01,0.05,0.05,1.0,500000.0,9.5e6,10000000
107.8,0.0,0.01,0.05,0.05,1.0,500000.0,9.5e6,10000000
108.0,0.0,0.01,0.05,0.05,1.0,500000.0,9.5e6,10000000
108.2,0.0,0.01,0.05,0.05,1.0,500000.0,9.5e6,10000000
108.4,0.0,0.01,0.05,0.05,1.0,500000.0,9.5e6,10000000
108.6,0.0,0.01,0.05,0.05,1.0,500000.0,9.5e6,10000000
108.8,0.0,0.01,0.05,0.05,1.0,500000.0,9.5e6,10000000
109.0,0.0,0.01,0.05,0.05,1.0,500000.0,9.5e6,10000000
109.2,0.0,0.01,0.05,0.05,1.0,500000.0,9.5e6,10000000
109.4,0.0,0.01,0.05,0.05,1.0,500000.0,9.5e6,10000000
109.6,0.0,0.01,0.05,0.05,1.0,500000.0,9.5e6,10000000
109.8,0.0,0.01,0.05,0.05,1.0,500000.0,9.5e6,10000000
110.0,0.0,0.01,0.05,0.05,1.0,500000.0,9.5e6,10000000
110.2,0.0,0.01,0.05,0.05,1.0,500000.0,9.5e6,10000000
110.4,0.0,0.01,0.05,0.05,1.0,500000.0,9.5e6,10000000
110.6,0.0,0.01,0.05,0.05,1.0,500000.0,9.5e6,10000000
110.8,0.0,0.01,0.05,0.05,1.0,500000.0,9.5e6,10000000
111.0,0.0,0.01,0.05,0.05,1.0,500000.0,9.5e6,10000000
111.2,0.0,0.01,0.05,0.05,1.0,500000.0,9.5e6,10000000
111.4,0.0,0.01,0.05,0.05,1.0,500000.0,9.5e6,10000000
111.6,0.0,0.01,0.05,0.05,1.0,500000.0,9.5e6,10000000
111.8,0.0,0.01,0.05,0.05,1.0,500000.0,9.5e6,10000000
112.0,0.0,0.01,0.05,0.05,1.0,500000.0,9.5e6,10000000
112.2,0.0,0.01,0.05,0.05,1.0,500000.0,9.5e6,10000000
112.4,0.0,0.01,0.05,0.05,1.0,500000.0,9.5e6,10000000
112.6,0.0,0.01,0.05,0.05,1.0,500000.0,9.5e6,10000000
112.8,0.0,0.01,0.05,0.05,1.0,500000.0,9.5e6,10000000
113.0,0.0,0.01,0.05,0.05,1.0,500000.0,9.5e6,10000000
113.2,0.0,0.01,0.05,0.05,1.0,500000.0,9.5e6,10000000
113.4,0.0,0.01,0.05,0.05,1.0,500000.0,9.5e6,10000000
113.6,0.0,0.01,0.05,0.05,1.0,500000.0,9.5e6,10000000
113.8,0.0,0.01,0.05,0.05,1.0,500000.0,9.5e6,10000000
114.0,0.0,0.01,0.05,0.05,1.0,500000.0,9.5e6,10000000
114.2,0.0,0.01,0.05,0.05,1.0,500000.0,9.5e6,10000000
114.4,0.0,0.01,0.05,0.05,1.0,500000.0,9.5e6,10000000
114.6,0.0,0.01,0.05,0.05,1.0,500000.0,9.5e6,10000000
114.8,0.0,0.01,0.05,0.05,1.0,500000.0,9.5e6,10000000
115.0,0.0,0.01,0.05,0.05,1.0,500000.0,9.5e6,10000000
115.2,0.0,0.01,0.05,0.05,1.0,500000.0,9.5e6,10000000
115.4,0.0,0.01,0.05,0.05,1.0,500000.0,9.5e6,10000000
115.6,0.0,0.01,0.05,0.05,1.0,500000.0,9.5e6,10000000
115.8,0.0,0.01,0.05,0.05,1.0,500000.0,9.5e6,10000000
116.0,0.0,0.01,0.05,0.05,1.0,500000.0,9.5e6,10000000
116.2,0.0,0.01,0.05,0.05,1.0,500000.0,9.5e6,10000000
116.4,0.0,0.01,0.05,0.05,1.0,500000.0,9.5e6,10000000
116.6,0.0,0.01,0.05,0.05,1.0,500000.0,9.5e6,10000000
116.8,0.0,0.01,0.05,0.05,1.0,500000.0,9.5e6,10000000
117.0,0.0,0.01,0.05,0.05,1.0,500000.0,9.5e6,10000000
117.2,0.0,0.01,0.05,0.05,1.0,500000.0,9.5e6,10000000
117.4,0.0,0.01,0.05,0.05,1.0,500000.0,9.5e6,10000000
117.6,0.0,0.01,0.05,0.05,1.0,500000.0,9.5e6,10000000
117.8,0.0,0.01,0.05,0.05,1.0,500000.0,9.5e6,10000000
118.0,0.0,0.01,0.05,0.05,1.0,500000.0,9.5e6,10000000
118.2,0.0,0.01,0.05,0.05,1.0,500000.0,9.5e6,10000000
118.4,0.0,0.01,0.05,0.05,1.0,500000.0,9.5e6,10000000
118.6,0.0,0.01,0.05,0.05,1.0,500000.0,9.5e6,10000000
118.8,0.0,0.01,0.05,0.05,1.0,500000.0,9.5e6,10000000
119.0,0.0,0.01,0.05,0.05,1.0,500000.0,9.5e6,10000000
119.2,0.0,0.01,0.05,0.05,1.0,500000.0,9.5e6,10000000
119.4,0.0,0.01,0.05,0.05,1.0,500000.0,9.5e6,10000000
119.6,0.0,0.01,0.05,0.05,1.0,500000.0,9.5e6,10000000
119.8,0.0,0.01,0.05,0.05,1.0,500000.0,9.5e6,10000000
120.0,0.0,0.01,0.05,0.05,1.0,500000.0,9.5e6,10000000
120.2,0.0,0.01,0.05,0.05,1.0,500000.0,9.5e6,10000000
120.4,0.0,0.01,0.05,0.05,1.0,500000.0,9.5e6,10000000
120.6,0.0,0.01,0.05,0.05,1.0,500000.0,9.5e6,10000000
120.8,0.0,0.01,0.05,0.05,1.0,500000.0,9.5e6,10000000
121.0,0.0,0.01,0.05,0.05,1.0,500000.0,9.5e6,10000000
121.2,0.0,0.01,0.05,0.05,1.0,500000.0,9.5e6,10000000
121.4,0.0,0.01,0.05,0.05,1.0,500000.0,9.5e6,10000000
121.6,0.0,0.01,0.05,0.05,1.0,500000.0,9.5e6,10000000
121.8,0.0,0.01,0.05,0.05,1.0,500000.0,9.5e6,10000000
122.0,0.0,0.01,0.05,0.05,1.0,500000.0,9.5e6,10000000
122.2,0.0,0.01,0.05,0.05,1.0,500000.0,9.5e6,10000000
122.4,0.0,0.01,0.05,0.05,1.0,500000.0,9.5e6,10000000
122.6,0.0,0.01,0.05,0.05,1.0,500000.0,9.5e6,10000000
122.8,0.0,0.01,0.05,0.05,1.0,500000.0,9.5e6,10000000
123.0,0.0,0.01,0.05,0.05,1.0,500000.0,9.5e6,10000000
123.2,0.0,0.01,0.05,0.05,1.0,500000.0,9.5e6,10000000
123.4,0.0,0.01,0.05,0.05,1.0,500000.0,9.5e6,10000000
123.6,0.0,0.01,0.05,0.05,1.0,500000.0,9.5e6,10000000
123.8,0.0,0.01,0.05,0.05,1.0,500000.0,9.5e6,10000000
124.0,0.0,0.01,0.05,0.05,1.0,500000.0,9.5e6,10000000
124.2,0.0,0.01,0.05,0.05,1.0,500000.0,9.5e6,10000000
124.4,0.0,0.01,0.05,0.05,1.0,500000.0,9.5e6,10000000
124.6,0.0,0.01,0.05,0.05,1.0,500000.0,9.5e6,10000000
124.8,0.0,0.01,0.05,0.05,1.0,500000.0,9.5e6,10000000
125.0,0.0,0.01,0.05,0.05,1.0,500000.0,9.5e6,10000000
125.2,0.0,0.01,0.05,0.05,1.0,500000.0,9.5e6,10000000
125.4,0.0,0.01,0.05,0.05,1.0,500000.0,9.5e6,10000000
125.6,0.0,0.01,0.05,0.05,1.0,500000.0,9.5e6,10000000
125.8,0.0,0.01,0.05,0.05,1.0,500000.0,9.5e6,10000000
126.0,0.0,0.01,0.05,0.05,1.0,500000.0,9.5e6,10000000
126.2,0.0,0.01,0.05,0.05,1.0,500000.0,9.5e6,10000000
126.4,0.0,0.01,0.05,0.05,1.0,500000.0,9.5e6,10000000
126.6,0.0,0.01,0.05,0.05,1.0,500000.0,9.5e6,10000000
126.8,0.0,0.01,0.05,0.05,1.0,500000.0,9.5e6,10000000
127.0,0.0,0.01,0.05,0.05,1.0,500000.0,9.5e6,10000000
127.2,0.0,0.01,0.05,0.05,1.0,500000.0,9.5e6,10000000
127.4,0.0,0.01,0.05,0.05,1.0,500000.0,9.5e6,10000000
127.6,0.0,0.01,0.05,0.05,1.0,500000.0,9.5e6,10000000
127.8,0.0,0.01,0.05,0.05,1.0,500000.0,9.5e6,10000000
128.0,0.0,0.01,0.05,0.05,1.0,500000.0,9.5e6,10000000
128.2,0.0,0.01,0.05,0.05,1.0,500000.0,9.5e6,10000000
128.4,0.0,0.01,0.05,0.05,1.0,500000.0,9.5e6,10000000
128.6,0.0,0.01,0.05,0.05,1.0,500000.0,9.5e6,10000000
128.8,0.0,0.01,0.05,0.05,1.0,500000.0,9.5e6,10000000
129.0,0.0,0.01,0.05,0.05,1.0,500000.0,9.5e6,10000000
129.2,0.0,0.01,0.05,0.05,1.0,500000.0,9.5e6,10000000
129.4,0.0,0.01,0.05,0.05,1.0,500000.0,9.5e6,10000000
129.6,0.0,0.01,0.05,0.05,1.0,500000.0,9.5e6,10000000
129.8,0.0,0.01,0.05,0.05,1.0,500000.0,9.5e6,10000000
130.0,0.0,0.01,0.05,0.05,1.0,500000.0,9.5e6,10000000
130.2,0.0,0.01,0.05,0.05,1.0,500000.0,9.5e6,10000000
130.4,0.0,0.01,0.05,0.05,1.0,500000.0,9.5e6,10000000
130.6,0.0,0.01,0.05,0.05,1.0,500000.0,9.5e6,10000000
130.8,0.0,0.01,0.05,0.05,1.0,500000.0,9.5e6,10000000
131.0,0.0,0.01,0.05,0.05,1.0,500000.0,9.5e6,10000000
131.2,0.0,0.01,0.05,0.05,1.0,500000.0,9.5e6,10000000
131.4,0.0,0.01,0.05,0.05,1.0,500000.0,9.5e6,10000000
131.6,0.0,0.01,0.05,0.05,1.0,500000.0,9.5e6,10000000
131.8,0.0,0.01,0.05,0.05,1.0,500000.0,9.5e6,10000000
132.0,0.0,0.01,0.05,0.05,1.0,500000.0,9.5e6,10000000
132.2,0.0,0.01,0.05,0.05,1.0,500000.0,9.5e6,10000000
132.4,0.0,0.01,0.05,0.05,1.0,500000.0,9.5e6,10000000
132.6,0.0,0.01,0.05,0.05,1.0,500000.0,9.5e6,10000000
132.8,0.0,0.01,0.05,0.05,1.0,500000.0,9.5e6,10000000
133.0,0.0,0.01,0.05,0.05,1.0,500000.0,9.5e6,10000000
133.2,0.0,0.01,0.05,0.05,1.0,500000.0,9.5e6,10000000
133.4,0.0,0.01,0.05,0.05,1.0,500000.0,9.5e6,10000000
133.6,0.0,0.01,0.05,0.05,1.0,500000.0,9.5e6,10000000
133.8,0.0,0.01,0.05,0.05,1.0,500000.0,9.5e6,10000000
134.0,0.0,0.01,0.05,0.05,1.0,500000.0,9.5e6,10000000
134.2,0.0,0.01,0.05,0.05,1.0,500000.0,9.5e6,10000000
134.4,0.0,0.01,0.05,0.05,1.0,500000.0,9.5e6,10000000
134.6,0.0,0.01,0.05,0.05,1.0,500000.0,9.5e6,10000000
134.8,0.0,0.01,0.05,0.05,1.0,500000.0,9.5e6,10000000
135.0,0.0,0.01,0.05,0.05,1.0,500000.0,9.5e6,10000000
135.2,0.0,0.01,0.05,0.05,1.0,500000.0,9.5e6,10000000
135.4,0.0,0.01,0.05,0.05,1.0,500000.0,9.5e6,10000000
135.6,0.0,0.01,0.05,0.05,1.0,500000.0,9.5e6,10000000
135.8,0.0,0.01,0.05,0.05,1.0,500000.0,9.5e6,10000000
136.0,0.0,0.01,0.05,0.05,1.0,500000.0,9.5e6,10000000
136.2,0.0,0.01,0.05,0.05,1.0,500000.0,9.5e6,10000000
136.4,0.0,0.01,0.05,0.05,1.0,500000.0,9.5e6,10000000
136.6,0.0,0.01,0.05,0.05,1.0,500000.0,9.5e6,10000000
136.8,0.0,0.01,0.05,0.05,1.0,500000.0,9.5e6,10000000
137.0,0.0,0.01,0.05,0.05,1.0,500000.0,9.5e6,10000000
137.2,0.0,0.01,0.05,0.05,1.0,500000.0,9.5e6,10000000
137.4,0.0,0.01,0.05,0.05,1.0,500000.0,9.5e6,10000000
137.6,0.0,0.01,0.05,0.05,1.0,500000.0,9.5e6,10000000
137.8,0.0,0.01,0.05,0.05,1.0,500000.0,9.5e6,10000000
138.0,0.0,0.01,0.05,0.05,1.0,500000.0,9.5e6,10000000
138.2,0.0,0.01,0.05,0.05,1.0,500000.0,9.5e6,10000000
138.4,0.0,0.01,0.05,0.05,1.0,500000.0,9.5e6,10000000
138.6,0.0,0.01,0.05,0.05,1.0,500000.0,9.5e6,10000000
138.8,0.0,0.01,0.05,0.05,1.0,500000.0,9.5e6,10000000
139.0,0.0,0.01,0.05,0.05,1.0,500000.0,9.5e6,10000000
139.2,0.0,0.01,0.05,0.05,1.0,500000.0,9.5e6,10000000
139.4,0.0,0.01,0.05,0.05,1.0,500000.0,9.5e6,10000000
139.6,0.0,0.01,0.05,0.05,1.0,500000.0,9.5e6,10000000
139.8,0.0,0.01,0.05,0.05,1.0,500000.0,9.5e6,10000000
140.0,0.0,0.01,0.05,0.05,1.0,500000.0,9.5e6,10000000
140.2,0.0,0.01,0.05,0.05,1.0,500000.0,9.5e6,10000000
140.4,0.0,0.01,0.05,0.05,1.0,500000.0,9.5e6,10000000
140.6,0.0,0.01,0.05,0.05,1.0,500000.0,9.5e6,10000000
140.8,0.0,0.01,0.05,0.05,1.0,500000.0,9.5e6,10000000
141.0,0.0,0.01,0.05,0.05,1.0,500000.0,9.5e6,10000000
141.2,0.0,0.01,0.05,0.05,1.0,500000.0,9.5e6,10000000
141.4,0.0,0.01,0.05,0.05,1.0,500000.0,9.5e6,10000000
141.6,0.0,0.01,0.05,0.05,1.0,500000.0,9.5e6,10000000
141.8,0.0,0.01,0.05,0.05,1.0,500000.0,9.5e6,10000000
142.0,0.0,0.01,0.05,0.05,1.0,500000.0,9.5e6,10000000
142.2,0.0,0.01,0.05,0.05,1.0,500000.0,9.5e6,10000000
142.4,0.0,0.01,0.05,0.05,1.0,500000.0,9.5e6,10000000
142.6,0.0,0.01,0.05,0.05,1.0,500000.0,9.5e6,10000000
142.8,0.0,0.01,0.05,0.05,1.0,500000.0,9.5e6,10000000
143.0,0.0,0.01,0.05,0.05,1.0,500000.0,9.5e6,10000000
143.2,0.0,0.01,0.05,0.05,1.0,500000.0,9.5e6,10000000
143.4,0.0,0.01,0.05,0.05,1.0,500000.0,9.5e6,10000000
143.6,0.0,0.01,0.05,0.05,1.0,500000.0,9.5e6,10000000
143.8,0.0,0.01,0.05,0.05,1.0,500000.0,9.5e6,10000000
144.0,0.0,0.01,0.05,0.05,1.0,500000.0,9.5e6,10000000
144.2,0.0,0.01,0.05,0.05,1.0,500000.0,9.5e6,10000000
144.4,0.0,0.01,0.05,0.05,1.0,500000.0,9.5e6,10000000
144.6,0.0,0.01,0.05,0.05,1.0,500000.0,9.5e6,10000000
144.8,0.0,0.01,0.05,0.05,1.0,500000.0,9.5e6,10000000
145.0,0.0,0.01,0.05,0.05,1.0,500000.0,9.5e6,10000000
145.2,0.0,0.01,0.05,0.05,1.0,500000.0,9.5e6,10000000
145.4,0.0,0.01,0.05,0.05,1.0,500000.0,9.5e6,10000000
145.6,0.0,0.01,0.05,0.05,1.0,500000.0,9.5e6,10000000
145.8,0.0,0.01,0.05,0.05,1.0,500000.0,9.5e6,10000000
146.0,0.0,0.01,0.05,0.05,1.0,500000.0,9.5e6,10000000
146.2,0.0,0.01,0.05,0.05,1.0,500000.0,9.5e6,10000000
146.4,0.0,0.01,0.05,0.05,1.0,500000.0,9.5e6,10000000
146.6,0.0,0.01,0.05,0.05,1.0,500000.0,9.5e6,10000000
146.8,0.0,0.01,0.05,0.05,1.0,500000.0,9.5e6,10000000
147.0,0.0,0.01,0.05,0.05,1.0,500000.0,9.5e6,10000000
147.2,0.0,0.01,0.05,0.05,1.0,500000.0,9.5e6,10000000
147.4,0.0,0.01,0.05,0.05,1.0,500000.0,9.5e6,10000000
147.6,0.0,0.01,0.05,0.05,1.0,500000.0,9.5e6,10000000
147.8,0.0,0.01,0.05,0.05,1.0,500000.0,9.5e6,10000000
148.0,0.0,0.01,0.05,0.05,1.0,500000.0,9.5e6,10000000
148.2,0.0,0.01,0.05,0.05,1.0,500000.0,9.5e6,10000000
148.4,0.0,0.01,0.05,0.05,1.0,500000.0,9.5e6,10000000
148.6,0.0,0.01,0.05,0.05,1.0,500000.0,9.5e6,10000000
148.8,0.0,0.01,0.05,0.05,1.0,500000.0,9.5e6,10000000
149.0,0.0,0.01,0.05,0.05,1.0,500000.0,9.5e6,10000000
149.2,0.0,0.01,0.05,0.05,1.0,500000.0,9.5e6,10000000
149.4,0.0,0.01,0.05,0.05,1.0,500000.0,9.5e6,10000000
149.6,0.0,0.01,0.05,0.05,1.0,500000.0,9.5e6,10000000
149.8,0.0,0.01,0.05,0.05,1.0,500000.0,9.5e6,10000000
150.0,0.0,0.01,0.05,0.05,1.0,500000.0,9.5e6,10000000
150.2,0.0,0.01,0.05,0.05,1.0,500000.0,9.5e6,10000000
150.4,0.0,0.01,0.05,0.05,1.0,500000.0,9.5e6,10000000
150.6,0.0,0.01,0.05,0.05,1.0,500000.0,9.5e6,10000000
150.8,0.0,0.01,0.05,0.05,1.0,500000.0,9.5e6,10000000
151.0,0.0,0.01,0.05,0.05,1.0,500000.0,9.5e6,10000000
151.2,0.0,0.01,0.05,0.05,1.0,500000.0,9.5e6,10000000
151.4,0.0,0.01,0.05,0.05,1.0,500000.0,9.5e6,10000000
151.6,0.0,0.01,0.05,0.05,1.0,500000.0,9.5e6,10000000
151.8,0.0,0.01,0.05,0.05,1.0,500000.0,9.5e6,10000000
152.0,0.0,0.01,0.05,0.05,1.0,500000.0,9.5e6,10000000
152.2,0.0,0.01,0.05,0.05,1.0,500000.0,9.5e6,10000000
152.4,0.0,0.01,0.05,0.05,1.0,500000.0,9.5e6,10000000
152.6,0.0,0.01,0.05,0.05,1.0,500000.0,9.5e6,10000000
152.8,0.0,0.01,0.05,0.05,1.0,500000.0,9.5e6,10000000
153.0,0.0,0.01,0.05,0.05,1.0,500000.0,9.5e6,10000000
153.2,0.0,0.01,0.05,0.05,1.0,500000.0,9.5e6,10000000
153.4,0.0,0.01,0.05,0.05,1.0,500000.0,9.5e6,10000000
153.6,0.0,0.01,0.05,0.05,1.0,500000.0,9.5e6,10000000
153.8,0.0,0.01,0.05,0.05,1.0,500000.0,9.5e6,10000000
154.0,0.0,0.01,0.05,0.05,1.0,500000.0,9.5e6,10000000
154.2,0.0,0.01,0.05,0.05,1.0,500000.0,9.5e6,10000000
154.4,0.0,0.01,0.05,0.05,1.0,500000.0,9.5e6,10000000
154.6,0.0,0.01,0.05,0.05,1.0,500000.0,9.5e6,10000000
154.8,0.0,0.01,0.05,0.05,1.0,500000.0,9.5e6,10000000
155.0,0.0,0.01,0.05,0.05,1.0,500000.0,9.5e6,10000000
155.2,0.0,0.01,0.05,0.05,1.0,500000.0,9.5e6,10000000
155.4,0.0,0.01,0.05,0.05,1.0,500000.0,9.5e6,10000000
155.6,0.0,0.01,0.05,0.05,1.0,500000.0,9.5e6,10000000
155.8,0.0,0.01,0.05,0.05,1.0,500000.0,9.5e6,10000000
156.0,0.0,0.01,0.05,0.05,1.0,500000.0,9.5e6,10000000
156.2,0.0,0.01,0.05,0.05,1.0,500000.0,9.5e6,10000000
156.4,0.0,0.01,0.05,0.05,1.0,500000.0,9.5e6,10000000
156.6,0.0,0.01,0.05,0.05,1.0,500000.0,9.5e6,10000000
156.8,0.0,0.01,0.05,0.05,1.0,500000.0,9.5e6,10000000
157.0,0.0,0.01,0.05,0.05,1.0,500000.0,9.5e6,10000000
157.2,0.0,0.01,0.05,0.05,1.0,500000.0,9.5e6,10000000
157.4,0.0,0.01,0.05,0.05,1.0,500000.0,9.5e6,10000000
157.6,0.0,0.01,0.05,0.05,1.0,500000.0,9.5e6,10000000
157.8,0.0,0.01,0.05,0.05,1.0,500000.0,9.5e6,10000000
158.0,0.0,0.01,0.05,0.05,1.0,500000.0,9.5e6,10000000
